Date compta,Date valeur,Utilisateu,No piece,No eve,Ope,Libelle,Debit,Credit
,,,,,,Solde au 02/07/2021,,0
06/07/2021,05/07/2021,OSN0093,FS809080202,080202,809,FRAIS DE SERVICE E-BANKING,7.020,
,,,,,,Frais de souscription Ora@net,,
06/07/2021,08/07/2021,OSN0074,VR001017959,017959,T15,RAPATRIEMENT DE DEVISES,,4.549.718
,,,,,,TR421004317 ord. OCEANFISH,,
,,,,,,"TRADING SOCIEDAD LIM 6936,00",,
,,,,,,EUR,,
,,,,,,Avance Proforma,,
12/07/2021,09/07/2021,OSN0093,VC100017514,017514,450,VIREMENT NOS CAISSES,1.000.000,
,,,,,,Virmt fav. DIOUF PAPA COUMBA,,
,,,,,,NDOFFENE,,
,,,,,,VIREMENT,,
14/07/2021,13/07/2021,OSN0400,QA002008489,008489,410,SAISIE MISE A DISPO CLIENT ORA,750.000,
14/07/2021,13/07/2021,OSN0400,QA002008489,008489,410,SAISIE MISE A DISPO CLIENT ORA,17.550,
16/07/2021,15/07/2021,OSN0093,VC100017681,017681,450,VIREMENT NOS CAISSES,1.535.000,
,,,,,,Virmt fav. SEYE ADAMA,,
,,,,,,VIREMENT,,
22/07/2021,22/07/2021,OSN0294,CD026866,026866,090,DEMANDE CHEQUIER,2.500,
,,,,,,Frais sur chéquier non barré,,
22/07/2021,20/07/2021,OSN0377,VB115032548,032548,454,MAERSK SENEGAL,897.523,
,,,,,,Virmt fav. MAERSK SENEGAL,,
,,,,,,RGLT DIVERSES FACTURES,,
22/07/2021,20/07/2021,OSN0377,VB115032548,032548,454,MAERSK SENEGAL,5.850,
23/07/2021,22/07/2021,OSN0258,QA002008630,008630,410,SAISIE MISE A DISPO CLIENT ORA,50.000,
23/07/2021,22/07/2021,OSN0258,QA002008630,008630,410,SAISIE MISE A DISPO CLIENT ORA,17.550,
23/07/2021,26/07/2021,OSN0074,VR001018331,018331,T15,RAPATRIEMENT DE DEVISES,,6.517.589
,,,,,,TR421004731 ord. OCEANFISH,,
,,,,,,"TRADING SOCIEDAD LIM 9936,00",,
,,,,,,EUR,,
,,,,,,Avance Proforma,,
26/07/2021,23/07/2021,OSN0377,VB115032627,032627,454,MAERSK SENEGAL,886.743,
,,,,,,Virmt fav. MAERSK SENEGAL,,
,,,,,,RGLT DIVERSES FACTURES,,
26/07/2021,23/07/2021,OSN0377,VB115032627,032627,454,MAERSK SENEGAL,5.850,
26/07/2021,23/07/2021,OSN0377,VB115032628,032628,454,MAERSK SENEGAL,369.025,
,,,,,,Virmt fav. MAERSK SENEGAL,,
,,,,,,RGLT DIVERSES FACTURES,,
26/07/2021,23/07/2021,OSN0377,VB115032628,032628,454,MAERSK SENEGAL,5.850,
26/07/2021,23/07/2021,OSN0377,VB115032629,032629,454,MAERSK SENEGAL,391.143,
,,,,,,Virmt fav. MAERSK SENEGAL,,
,,,,,,RGLT DIVERSES FACTURES,,
26/07/2021,23/07/2021,OSN0377,VB115032629,032629,454,MAERSK SENEGAL,5.850,
26/07/2021,23/07/2021,OSN0093,VB115032633,032633,454,AFRIMEX SUARL,3.000.000,
,,,,,,Virmt fav. AFRIMEX SUARL,,
,,,,,,AVANCE PRESTATION,,
26/07/2021,23/07/2021,OSN0093,VB115032633,032633,454,AFRIMEX SUARL,5.850,
29/07/2021,28/07/2021,OSN0377,VC100018037,018037,450,VIREMENT NOS CAISSES,1.400.000,
,,,,,,Virmt fav. DIOUF PAPA COUMBA,,
,,,,,,NDOFFENE,,
,,,,,,FRAIS PORT,,
30/07/2021,30/07/2021,OSN0377,FS028108463,108463,028,FRAIS TENUE CPT ETS,17.550,
30/07/2021,01/08/2021,AUTO,AG143610,143610,250,AGIOS DU 01/07/21 AU 31/07/21,6.450,
02/08/2021,30/07/2021,OSN0377,VC100018163,018163,450,VIREMENT NOS CAISSES,200.000,
,,,,,,Virmt fav. DIOUF PAPA COUMBA,,
,,,,,,NDOFFENE,,
,,,,,,FRAIS PORT,,
06/08/2021,05/08/2021,OSN0093,FS809082179,082179,809,FRAIS DE SERVICE E-BANKING,7.020,
,,,,,,Frais de souscription Ora@net,,
09/08/2021,06/08/2021,OSN0093,VC100018386,018386,450,VIREMENT NOS CAISSES,100.000,
,,,,,,Virmt fav. DIOUF PAPA COUMBA,,
,,,,,,NDOFFENE,,
,,,,,,FRAIS PORT,,
10/08/2021,12/08/2021,OSN0074,VR001018760,018760,T15,RAPATRIEMENT DE DEVISES,,6.517.589
,,,,,,TR421005205 ord. OCEANFISH,,
,,,,,,"TRADING SOCIEDAD LIM 9936,00",,
,,,,,,EUR,,
,,,,,,Avance Proforma,,
11/08/2021,10/08/2021,OSN0377,VC100018465,018465,450,VIREMENT NOS CAISSES,500.000,
,,,,,,Virmt fav. SEYE ADAMA,,
,,,,,,FRAIS DUBAI PORT,,
11/08/2021,10/08/2021,OSN0377,VC100018471,018471,450,VIREMENT NOS CAISSES,400.000,
,,,,,,Virmt fav. DIOUF PAPA COUMBA,,
,,,,,,NDOFFENE,,
,,,,,,FRAIS PORT,,
12/08/2021,11/08/2021,OSN0400,QA002008852,008852,410,SAISIE MISE A DISPO CLIENT ORA,2.500.000,
12/08/2021,11/08/2021,OSN0400,QA002008852,008852,410,SAISIE MISE A DISPO CLIENT ORA,17.550,
17/08/2021,16/08/2021,OSN0280,QA002008898,008898,410,SAISIE MISE A DISPO CLIENT ORA,3.000.000,
17/08/2021,16/08/2021,OSN0280,QA002008898,008898,410,SAISIE MISE A DISPO CLIENT ORA,17.550,
18/08/2021,17/08/2021,OSN0074,DO002001088,001088,M05,FRA/COM/TA 572/EX/202,11.700,
18/08/2021,17/08/2021,OSN0074,DO002001089,001089,M05,FRA/COM/TA 571/EX/202,11.700,
18/08/2021,17/08/2021,OSN0074,DO002001090,001090,M05,FRA/COM/TA 570/EX/202,11.700,
18/08/2021,17/08/2021,OSN0074,DO002001091,001091,M05,FRA/COM/TA 569/EX/202,11.700,
20/08/2021,18/08/2021,OSN0377,VC100018761,018761,450,VIREMENT NOS CAISSES,250.000,
,,,,,,Virmt fav. DIOUF PAPA COUMBA,,
,,,,,,NDOFFENE,,
,,,,,,FRAIS DOCUMENTS,,
24/08/2021,26/08/2021,OSN0074,VR001019034,019034,T15,RAPATRIEMENT DE DEVISES,,16.361.863
,,,,,,TR421005514 ord. OCEANFISH,,
,,,,,,"LIMITED 24943,50 EUR",,
,,,,,,ACOMPTE 569/EX/2021,,
25/08/2021,24/08/2021,OSN0478,RA198035,198035,040,RETRAIT ESPECES CPT 4583377,7.500.000,
,,,,,,CHQ N. 4583377 du 25/08/2021,,
,,,,,,MOHAMED DANTY DIALLO,,
25/08/2021,24/08/2021,OSN0400,RE002198635,198635,040,RETRAIT ESPECES CPT 4583380,2.000.000,
,,,,,,CHQ N. 4583380 du 25/08/2021,,
,,,,,,PAPA COUMBA NDOFFENE DIOUF,,
25/08/2021,24/08/2021,OSN0280,RE002198636,198636,040,RETRAIT ESPECES CPT 4583381,10.000.000,
,,,,,,CHQ N. 4583381 du 25/08/2021,,
,,,,,,GIULIO TORRANI,,
25/08/2021,24/08/2021,OSN0258,RE002198771,198771,040,RETRAIT ESPECES CPT 4583383,745.000,
,,,,,,CHQ N. 4583383 du 25/08/2021,,
,,,,,,ADAMA SEYE,,
25/08/2021,24/08/2021,OSN0377,VB120004609,004609,485,PETROMAR SOC,25.315.454,
,,,,,,Virmt fav. PETROMAR SOC,,
,,,,,,FRAIS DOCUMENTS,,
25/08/2021,24/08/2021,OSN0377,VB120004609,004609,485,PETROMAR SOC,11.700,
25/08/2021,27/08/2021,OSN0074,VR001019049,019049,T15,RAPATRIEMENT DE DEVISES,,98.323.691
,,,,,,TR421005531 ord. OCEANFISH,,
,,,,,,"LIMITED 149893,50 EUR",,
,,,,,,ACOMPTE 571/EX/2021,,
26/08/2021,25/08/2021,OSN0258,RE002199934,199934,040,RETRAIT ESPECES CPT 4583384,9.300.000,
,,,,,,CHQ N. 4583384 du 26/08/2021,,
,,,,,,TORRANI GIULIO,,
26/08/2021,25/08/2021,OSN0258,RE002199950,199950,040,RETRAIT ESPECES CPT 4583385,3.000.000,
,,,,,,CHQ N. 4583385 du 26/08/2021,,
,,,,,,TORRANI GIULIO,,
27/08/2021,26/08/2021,OSN0171,RA201034,201034,040,RETRAIT ESPECES CPT 4583386,1.000.000,
,,,,,,CHQ N. 4583386 du 27/08/2021,,
,,,,,,PAPA COUMBA NDOFFENE DIOUF,,
27/08/2021,26/08/2021,OSN0171,RA201060,201060,040,RETRAIT ESPECES CPT 4583387,4.000.000,
,,,,,,CHQ N. 4583387 du 27/08/2021,,
,,,,,,PAPA COUMBA NDOFFENE DIOUF,,
27/08/2021,26/08/2021,OSN0258,RE002201556,201556,040,RETRAIT ESPECES CPT 4583389,15.120.000,
,,,,,,CHQ N. 4583389 du 27/08/2021,,
,,,,,,TORRANI GIULIO,,
27/08/2021,26/08/2021,SCPM,CR408297,408297,423,CHQ RECU COMPENSE 4583378,15.168.000,
,,,,,,Chq OCI n. 4583378,,
30/08/2021,27/08/2021,OSN0280,QA002009075,009075,410,SAISIE MISE A DISPO CLIENT ORA,10.000.000,
30/08/2021,27/08/2021,OSN0280,QA002009075,009075,410,SAISIE MISE A DISPO CLIENT ORA,17.550,
31/08/2021,31/08/2021,OSN0377,FS028110388,110388,028,FRAIS TENUE CPT ETS,17.550,
31/08/2021,30/08/2021,OSN0258,RE002205160,205160,040,RETRAIT ESPECES CPT 4583390,2.000.000,
,,,,,,CHQ N. 4583390 du 31/08/2021,,
,,,,,,GIULIO TORRANI,,
31/08/2021,30/08/2021,OSN0280,RE002205643,205643,040,RETRAIT ESPECES CPT 4583391,22.800.000,
,,,,,,CHQ N. 4583391 du 31/08/2021,,
,,,,,,DAMBA SORY,,
31/08/2021,01/09/2021,AUTO,AG145199,145199,250,AGIOS DU 01/08/21 AU 31/08/21,102.156,
31/08/2021,02/09/2021,OSN0074,VR001019157,019157,T15,RAPATRIEMENT DE DEVISES,,32.760.788
,,,,,,TR421005650 ord. OCEANFISH,,
,,,,,,"LIMITED 49943,50 EUR",,
,,,,,,ACOMPTE 572/EX/2021,,
01/09/2021,31/08/2021,OSN0171,RA206037,206037,040,RETRAIT ESPECES CPT 4583392,5.000.000,
,,,,,,CHQ N. 4583392 du 01/09/2021,,
,,,,,,PAPA COUMBA NDOFFENE DIOUF,,
01/09/2021,31/08/2021,OSN0171,RA206051,206051,040,RETRAIT ESPECES CPT 4583393,344.970,
,,,,,,CHQ N. 4583393 du 01/09/2021,,
,,,,,,PAPA COUMBA NDOFFENE DIOUF,,
01/09/2021,31/08/2021,OSN0280,QA002009103,009103,410,SAISIE MISE A DISPO CLIENT ORA,10.760.000,
01/09/2021,31/08/2021,OSN0280,QA002009103,009103,410,SAISIE MISE A DISPO CLIENT ORA,17.550,
02/09/2021,01/09/2021,OSN0446,RA207390,207390,040,RETRAIT ESPECES CPT 4583394,3.350.000,
,,,,,,CHQ N. 4583394 du 02/09/2021,,
,,,,,,MBISSANE NDIAYE,,
03/09/2021,02/09/2021,OSN0280,RE002210042,210042,040,RETRAIT ESPECES CPT 4583397,3.000.000,
,,,,,,CHQ N. 4583397 du 03/09/2021,,
,,,,,,PAPA COUMBA NDOFFENE DIOUF,,
03/09/2021,02/09/2021,OSN0280,RE002210048,210048,040,RETRAIT ESPECES CPT 4583396,1.880.000,
,,,,,,CHQ N. 4583396 du 03/09/2021,,
,,,,,,DIOUF PAPA COUMBA NDOFFENE,,
03/09/2021,02/09/2021,OSN0280,RE002210060,210060,040,RETRAIT ESPECES CPT 4583398,750.000,
,,,,,,CHQ N. 4583398 du 03/09/2021,,
,,,,,,DIOUF PAPA COUMBA NDOFFENE,,
03/09/2021,02/09/2021,OSN0400,RE002210222,210222,040,RETRAIT ESPECES CPT 4583399,20.000.000,
,,,,,,CHQ N. 4583399 du 03/09/2021,,
,,,,,,SORY DAMBA / 77 565 16 77,,
03/09/2021,06/09/2021,OSN0074,VR001019216,019216,T15,RAPATRIEMENT DE DEVISES,,32.713.232
,,,,,,TR421005716 ord. OCEANFISH,,
,,,,,,"TRADING SOCIEDAD LIM 49871,00",,
,,,,,,EUR,,
,,,,,,Avance Proforma,,
06/09/2021,03/09/2021,OSN0093,FS809084083,084083,809,FRAIS DE SERVICE E-BANKING,7.020,
,,,,,,Frais de souscription Ora@net,,
07/09/2021,06/09/2021,SCPM,CR412136,412136,423,CHQ RECU COMPENSE 4583388,700.000,
,,,,,,Chq OCI n. 4583388,,
07/09/2021,08/09/2021,OSN0027,VA100023528,023528,447,VIREMENT INTER AGENCE,,7.776.621
,,,,,,TRANSACTION COMMERCIALE,,
08/09/2021,07/09/2021,OSN0280,RE002215787,215787,040,RETRAIT ESPECES CPT 4583395,17.000.000,
,,,,,,CHQ N. 4583395 du 08/09/2021,,
,,,,,,BECAYE FALL,,
08/09/2021,07/09/2021,OSN0400,RE002215910,215910,040,RETRAIT ESPECES CPT 4583403,20.000.000,
,,,,,,CHQ N. 4583403 du 08/09/2021,,
,,,,,,SORY DAMBA/ 77 565 16 77,,
08/09/2021,09/09/2021,OSN0074,VR001019295,019295,T15,RAPATRIEMENT DE DEVISES,,39.287.561
,,,,,,TR421005803 ord. OCEANFISH,,
,,,,,,"LIMITED 59893,50 EUR",,
,,,,,,ACOMPTE 571/EX/2021,,
13/09/2021,10/09/2021,OSN0280,RE002220593,220593,040,RETRAIT ESPECES CPT 4583401,11.699.506,
,,,,,,CHQ N. 4583401 du 13/09/2021,,
,,,,,,OUSMANE SARR,,
14/09/2021,13/09/2021,SCPM,CR415002,415002,423,CHQ IMP 4583400 COMPTE,14.040,
15/09/2021,15/09/2021,OSN0041,FF046664,046664,128,FRAIS DE FORCAGE 46664,274.505,
15/09/2021,14/09/2021,SCPM,CR415674,415674,423,CHQ RECU COMPENSE 4583402,23.462.000,
,,,,,,Chq OCI n. 4583402,,
15/09/2021,17/09/2021,OSN0074,VR001019503,019503,T15,RAPATRIEMENT DE DEVISES,,65.525.841
,,,,,,TR421006031 ord. OCEANFISH,,
,,,,,,"LIMITED 99893,50 EUR",,
,,,,,,SOLDE 739/EX/2021,,
16/09/2021,15/09/2021,OSN0384,RE002224238,224238,040,RETRAIT ESPECES CPT 4583405,15.000.000,
,,,,,,CHQ N. 4583405 du 16/09/2021,,
,,,,,,SORY DAMBA,,
16/09/2021,15/09/2021,OSN0400,RE002224349,224349,040,RETRAIT ESPECES CPT 4583404,25.000.000,
,,,,,,CHQ N. 4583404 du 16/09/2021,,
,,,,,,ZUKO MBA MICHEL ANGE/ 77 480,,
,,,,,,38 31,,
17/09/2021,16/09/2021,OSN0280,RE004039972,039972,041,RETRAIT ESP CHQ GUIC 4583406,33.000.000,
,,,,,,CHQ GU N. 04583406 du,,
,,,,,,17/09/2021,,
,,,,,,SORY DAMBA,,
17/09/2021,16/09/2021,OSN0062,FS103001562,001562,103,ABONNEMENT CARTE VIS,81.900,
,,,,,,Abonnement carte visa business,,
17/09/2021,16/09/2021,AUTO,IA000934,000934,826,PERCEPTION DES FRAIS D'AVERTIS,2.340,
17/09/2021,21/09/2021,OSN0074,VR001019553,019553,T15,RAPATRIEMENT DE DEVISES,,35.895.014
,,,,,,TR421006084 ord. OCEANFISH,,
,,,,,,"TRADING SOCIEDAD LIM 64909,61",,
,,,,,,USD,,
,,,,,,AVANCE,,
20/09/2021,17/09/2021,OSN0093,VC100019767,019767,450,VIREMENT NOS CAISSES,1.200.000,
,,,,,,Virmt fav. SEYE ADAMA,,
,,,,,,FRAIS DUBAI PORT,,
20/09/2021,22/09/2021,OSN0074,VR001019597,019597,T15,RAPATRIEMENT DE DEVISES,,9.790.814
,,,,,,TR421006133 ord. OCEANFISH,,
,,,,,,"TRADING SOCIEDAD LIM 14926,00",,
,,,,,,EUR,,
,,,,,,Avance Proforma,,
21/09/2021,20/09/2021,OSN0093,VS100018702,018702,453,VIREMENT AUTRE AGENC,7.776.621,
,,,,,,Virmt fav. GONZALEZ PEREZ,,
,,,,,,OSCAR DAVID,,
,,,,,,REMBOURSEMENT PRET,,
22/09/2021,21/09/2021,OSN0171,RA230623,230623,040,RETRAIT ESPECES CPT 4583407,4.000.000,
,,,,,,CHQ N. 4583407 du 22/09/2021,,
,,,,,,ALY SY,,
22/09/2021,21/09/2021,OSN0093,VC100019891,019891,450,VIREMENT NOS CAISSES,453.041,
,,,,,,Virmt fav. MAERSK SENEGAL SA,,
,,,,,,RLT FACTURES,,
23/09/2021,23/09/2021,UDAB,OETMO336872,336872,960,RETRAIT GAB 336872,100.000,
,,,,,,RETRAIT GAB 696 OSNSST07,,
29/09/2021,28/09/2021,OSN0062,RRCMO067470,067470,959,RETRAIT GAB GIM 1,300.000,
,,,,,,499198******1974 25/09-13H45,,
,,,,,,00204014 338074,,
29/09/2021,28/09/2021,OSN0062,RRCMO067470,067470,959,RETRAIT GAB GIM 1,500,
29/09/2021,28/09/2021,OSN0062,RRCMO067471,067471,959,RETRAIT GAB GIM 1,400.000,
,,,,,,499198******1974 24/09-14H57,,
,,,,,,10001012 337413,,
29/09/2021,28/09/2021,OSN0062,RRCMO067471,067471,959,RETRAIT GAB GIM 1,500,
30/09/2021,30/09/2021,OSN0377,FS028112170,112170,028,FRAIS TENUE CPT ETS,17.550,
30/09/2021,01/10/2021,AUTO,AG146918,146918,250,AGIOS DU 01/09/21 AU 30/09/21,242.293,
30/09/2021,29/09/2021,OSN0093,VC100020158,020158,450,VIREMENT NOS CAISSES,1.000.000,
,,,,,,Virmt fav. DIOUF PAPA COUMBA,,
,,,,,,NDOFFENE,,
,,,,,,FRAIS PORT,,
30/09/2021,29/09/2021,OSN0093,VC100020162,020162,450,VIREMENT NOS CAISSES,500.000,
,,,,,,Virmt fav. DIOUF PAPA COUMBA,,
,,,,,,NDOFFENE,,
,,,,,,FRAIS PORT,,
30/09/2021,04/10/2021,OSN0074,VR001019871,019871,T15,RAPATRIEMENT DE DEVISES,,131.121.541
,,,,,,TR421006440 ord. OCEANFISH,,
,,,,,,"LIMITED 199893,50 EUR",,
,,,,,,ACOMPTE 863/EX/2021,,
01/10/2021,30/09/2021,OSN0400,RE002240133,240133,040,RETRAIT ESPECES CPT 4583408,20.000.000,
,,,,,,CHQ N. 4583408 du 01/10/2021,,
,,,,,,SORY DAMBA / 77 565 16 77,,
01/10/2021,30/09/2021,OSN0400,RE002240146,240146,040,RETRAIT ESPECES CPT 4583409,20.000.000,
,,,,,,CHQ N. 4583409 du 01/10/2021,,
,,,,,,DAMBA SORY / 77 565 16 77,,
01/10/2021,30/09/2021,OSN0307,RTGS2111001,014174,529,PETROMAR SOC,56.382.000,
,,,,,,PETROMAR SOC,,
,,,,,,PROFORMA N20213055 3056,,
01/10/2021,30/09/2021,OSN0307,RTGS2111001,014174,529,PETROMAR SOC,29.250,
05/10/2021,04/10/2021,OSN0258,QA002009497,009497,410,SAISIE MISE A DISPO CLIENT ORA,1.000.000,
05/10/2021,04/10/2021,OSN0258,QA002009497,009497,410,SAISIE MISE A DISPO CLIENT ORA,17.550,
05/10/2021,04/10/2021,OSN0093,VC100020318,020318,450,VIREMENT NOS CAISSES,2.106.860,
,,,,,,Virmt fav. MAERSK SENEGAL SA,,
,,,,,,RGLT FACTURES,,
06/10/2021,05/10/2021,OSN0093,VC100020400,020400,450,VIREMENT NOS CAISSES,400.000,
,,,,,,Virmt fav. DIOUF PAPA COUMBA,,
,,,,,,NDOFFENE,,
,,,,,,FRAIS PORT,,
06/10/2021,05/10/2021,OSN0093,VC100020403,020403,450,VIREMENT NOS CAISSES,311.992,
,,,,,,Virmt fav. MAERSK SENEGAL SA,,
,,,,,,RGLT FACTURE,,
06/10/2021,05/10/2021,OSN0093,FS809086273,086273,809,FRAIS DE SERVICE E-BANKING,7.020,
,,,,,,Frais de souscription Ora@net,,
07/10/2021,06/10/2021,OSN0093,VC100020445,020445,450,VIREMENT NOS CAISSES,2.600.000,
,,,,,,Virmt fav. SEYE ADAMA,,
,,,,,,FACTURE 003/09/2021,,
07/10/2021,06/10/2021,OSN0093,VB115036180,036180,454,FRIGO DE L'UNION,15.000.000,
,,,,,,Virmt fav. FRIGO DE L'UNION,,
,,,,,,AVANCE FRAIS PRESTATION,,
07/10/2021,06/10/2021,OSN0093,VB115036180,036180,454,FRIGO DE L'UNION,5.850,
08/10/2021,07/10/2021,OSN0400,QA002009600,009600,410,SAISIE MISE A DISPO CLIENT ORA,2.000.000,
08/10/2021,07/10/2021,OSN0400,QA002009600,009600,410,SAISIE MISE A DISPO CLIENT ORA,17.550,
08/10/2021,07/10/2021,OSN0093,VB120004870,004870,485,BISSAU PESCA & SERVICOS SARL,15.000.000,
,,,,,,Virmt fav. BISSAU PESCA &,,
,,,,,,SERVICOS SARL,,
,,,,,,FACTURE 003/09/2021,,
08/10/2021,07/10/2021,OSN0093,VB120004870,004870,485,BISSAU PESCA & SERVICOS SARL,11.700,
11/10/2021,13/10/2021,OSN0074,VR001020127,020127,T15,RAPATRIEMENT DE DEVISES,,52.406.701
,,,,,,TR421006721 ord. OCEANFISH,,
,,,,,,"LIMITED 79893,50 EUR",,
,,,,,,ACOMPTE 864/EX/2021,,
12/10/2021,11/10/2021,OSN0258,QA002009619,009619,410,SAISIE MISE A DISPO CLIENT ORA,600.000,
12/10/2021,11/10/2021,OSN0258,QA002009619,009619,410,SAISIE MISE A DISPO CLIENT ORA,17.550,
12/10/2021,11/10/2021,OSN0093,VC100020610,020610,450,VIREMENT NOS CAISSES,6.000.000,
,,,,,,Virmt fav. DIOUF PAPA COUMBA,,
,,,,,,NDOFFENE,,
,,,,,,AVANCE POULPE,,
12/10/2021,11/10/2021,OSN0093,VB115036387,036387,454,BOLLORE AFRICA LOGISTICS SENEG,8.532.820,
,,,,,,Virmt fav. BOLLORE AFRICA,,
,,,,,,LOGISTICS SENEG,,
,,,,,,POUR COMPTE MR OUSMANE SARR,,
12/10/2021,11/10/2021,OSN0093,VB115036387,036387,454,BOLLORE AFRICA LOGISTICS SENEG,5.850,
12/10/2021,08/10/2021,OSN0074,DO002001298,001298,M05,FRA/COM/TA 735/EX/202,11.700,
12/10/2021,08/10/2021,OSN0074,DO002001302,001302,M05,FRA/COM/TA 739/EX//20,11.700,
12/10/2021,14/10/2021,OSN0074,VR001020152,020152,T15,RAPATRIEMENT DE DEVISES,,5.067.596
,,,,,,TR421006750 ord. LIN SHON,,
,,,,,,"SHIPPING (LSO 2013) L 7725,50",,
,,,,,,EUR,,
,,,,,,2108101,,
14/10/2021,13/10/2021,OSN0093,VC100020715,020715,450,VIREMENT NOS CAISSES,1.800.000,
,,,,,,Virmt fav. DIOUF PAPA COUMBA,,
,,,,,,NDOFFENE,,
,,,,,,FRAIS PORT,,
18/10/2021,15/10/2021,OSN0258,QA002009706,009706,410,SAISIE MISE A DISPO CLIENT ORA,300.000,
18/10/2021,15/10/2021,OSN0258,QA002009706,009706,410,SAISIE MISE A DISPO CLIENT ORA,17.550,
18/10/2021,15/10/2021,AUTO,II006357,006357,825,PERCEPTION,2.340,
21/10/2021,20/10/2021,OSN0400,QA002009780,009780,410,SAISIE MISE A DISPO CLIENT ORA,10.000.000,
21/10/2021,20/10/2021,OSN0400,QA002009780,009780,410,SAISIE MISE A DISPO CLIENT ORA,17.550,
21/10/2021,20/10/2021,OSN0400,QA002009781,009781,410,SAISIE MISE A DISPO CLIENT ORA,6.000.000,
21/10/2021,20/10/2021,OSN0400,QA002009781,009781,410,SAISIE MISE A DISPO CLIENT ORA,17.550,
26/10/2021,25/10/2021,OSN0377,VC100021062,021062,450,VIREMENT NOS CAISSES,1.799.032,
,,,,,,Virmt fav. MAERSK SENEGAL SA,,
,,,,,,RGLT DIVERSES FACTURES,,
27/10/2021,26/10/2021,OSN0384,QA002009836,009836,410,SAISIE MISE A DISPO CLIENT ORA,6.000.000,
27/10/2021,26/10/2021,OSN0384,QA002009836,009836,410,SAISIE MISE A DISPO CLIENT ORA,17.550,
28/10/2021,27/10/2021,OSN0377,VB115037211,037211,454,AFRIMEX SUARL,7.000.000,
,,,,,,Virmt fav. AFRIMEX SUARL,,
,,,,,,PRESTATIONS,,
28/10/2021,27/10/2021,OSN0377,VB115037211,037211,454,AFRIMEX SUARL,5.850,
28/10/2021,27/10/2021,OSN0377,VB115037231,037231,454,TIBURON,1.000.000,
,,,,,,Virmt fav. TIBURON,,
,,,,,,SALAIRE OCTOBRE,,
28/10/2021,27/10/2021,OSN0377,VB115037231,037231,454,TIBURON,5.850,
28/10/2021,01/11/2021,OSN0074,VR001020581,020581,T15,RAPATRIEMENT DE DEVISES,,34.025.146
,,,,,,TR421007217 ord. OCEANFISH,,
,,,,,,"TRADING SOCIEDAD LIM 51871,00",,
,,,,,,EUR,,
,,,,,,Avance Proforma,,
29/10/2021,29/10/2021,OSN0377,FS028114190,114190,028,FRAIS TENUE CPT ETS,17.550,
29/10/2021,01/11/2021,AUTO,AG148658,148658,250,AGIOS DU 01/10/21 AU 31/10/21,198.275,
04/11/2021,03/11/2021,OSN0384,QA002009970,009970,410,SAISIE MISE A DISPO CLIENT ORA,250.000,
04/11/2021,03/11/2021,OSN0384,QA002009970,009970,410,SAISIE MISE A DISPO CLIENT ORA,17.550,
05/11/2021,09/11/2021,OSN0074,VR001020796,020796,T15,RAPATRIEMENT DE DEVISES,,3.654.041
,,,,,,TR421007453 ord. NETO MALINDA,,
,,,,,,"TRADING LTD 5570,55 EUR",,
,,,,,,INVOICE 2110101,,
08/11/2021,05/11/2021,OSN0093,VC100021527,021527,450,VIREMENT NOS CAISSES,1.437.170,
,,,,,,Virmt fav. MAERSK SENEGAL SA,,
,,,,,,REGLEMENT FACTURES,,
08/11/2021,05/11/2021,OSN0093,VC100021528,021528,450,VIREMENT NOS CAISSES,515.720,
,,,,,,Virmt fav. MAERSK SENEGAL SA,,
,,,,,,REGLEMENT FACTURES,,
08/11/2021,05/11/2021,OSN0093,VC100021529,021529,450,VIREMENT NOS CAISSES,896.787,
,,,,,,Virmt fav. MAERSK SENEGAL SA,,
,,,,,,REGLEMENT FACTURES,,
08/11/2021,05/11/2021,OSN0377,VB115037676,037676,454,AFRIMEX SUARL,6.929.000,
,,,,,,Virmt fav. AFRIMEX SUARL,,
,,,,,,SOLDE POUR TT COMPTES PREST,,
08/11/2021,05/11/2021,OSN0377,VB115037676,037676,454,AFRIMEX SUARL,5.850,
08/11/2021,05/11/2021,OSN0093,FS809088384,088384,809,FRAIS DE SERVICE E-BANKING,7.020,
,,,,,,Frais de souscription Ora@net,,
09/11/2021,08/11/2021,OSN0400,QA002010035,010035,410,SAISIE MISE A DISPO CLIENT ORA,4.000.000,
09/11/2021,08/11/2021,OSN0400,QA002010035,010035,410,SAISIE MISE A DISPO CLIENT ORA,17.550,
10/11/2021,09/11/2021,OSN0384,QA002010076,010076,410,SAISIE MISE A DISPO CLIENT ORA,200.000,
10/11/2021,09/11/2021,OSN0384,QA002010076,010076,410,SAISIE MISE A DISPO CLIENT ORA,17.550,
10/11/2021,09/11/2021,OSN0377,VB120005061,005061,485,PETROMAR SOC,30.000.000,
,,,,,,Virmt fav. PETROMAR SOC,,
,,,,,,FACT PRO FORMA 2021/3494,,
10/11/2021,09/11/2021,OSN0377,VB120005061,005061,485,PETROMAR SOC,11.700,
11/11/2021,15/11/2021,OSN0249,VR001020901,020901,T15,RAPATRIEMENT DE DEVISES,,65.511.082
,,,,,,TR421007573 ord. OCEANFISH,,
,,,,,,"TRADING SOCIEDAD LIM 99871,00",,
,,,,,,EUR,,
,,,,,,Avance Proforma,,
15/11/2021,12/11/2021,OSN0377,VC100021820,021820,450,VIREMENT NOS CAISSES,380.214,
,,,,,,Virmt fav. MAERSK SENEGAL SA,,
,,,,,,RGLT DIVERSES FACTURES,,
15/11/2021,12/11/2021,OSN0377,VB115038058,038058,454,PETROMAR SOC,1.840.000,
,,,,,,Virmt fav. PETROMAR SOC,,
,,,,,,FACTURE PRO FORMA 2021/3494,,
15/11/2021,12/11/2021,OSN0377,VB115038058,038058,454,PETROMAR SOC,5.850,
16/11/2021,15/11/2021,OSN0280,QA002010137,010137,410,SAISIE MISE A DISPO CLIENT ORA,3.700.000,
16/11/2021,15/11/2021,OSN0280,QA002010137,010137,410,SAISIE MISE A DISPO CLIENT ORA,17.550,
16/11/2021,15/11/2021,OSN0377,VC100021888,021888,450,VIREMENT NOS CAISSES,5.000.000,
,,,,,,Virmt fav. DIOUF PAPA COUMBA,,
,,,,,,NDOFFENE,,
,,,,,,ACHAT POULPE,,
16/11/2021,15/11/2021,OSN0377,VB115038134,038134,454,BOLLORE AFRICA LOGISTICS SENEG,23.300.000,
,,,,,,Virmt fav. BOLLORE AFRICA,,
,,,,,,LOGISTICS SENEG,,
,,,,,,ACOMPTE OUSMANE SARR,,
16/11/2021,15/11/2021,OSN0377,VB115038134,038134,454,BOLLORE AFRICA LOGISTICS SENEG,5.850,
17/11/2021,16/11/2021,OSN0400,QA002010143,010143,410,SAISIE MISE A DISPO CLIENT ORA,600.000,
17/11/2021,16/11/2021,OSN0400,QA002010143,010143,410,SAISIE MISE A DISPO CLIENT ORA,17.550,
19/11/2021,18/11/2021,OSN0258,QA002010178,010178,410,SAISIE MISE A DISPO CLIENT ORA,6.000.000,
19/11/2021,18/11/2021,OSN0258,QA002010178,010178,410,SAISIE MISE A DISPO CLIENT ORA,17.550,
22/11/2021,19/11/2021,OSN0280,QA002010188,010188,410,SAISIE MISE A DISPO CLIENT ORA,7.500.000,
22/11/2021,19/11/2021,OSN0280,QA002010188,010188,410,SAISIE MISE A DISPO CLIENT ORA,17.550,
24/11/2021,23/11/2021,OSN0384,QA002010206,010206,410,SAISIE MISE A DISPO CLIENT ORA,400.000,
24/11/2021,23/11/2021,OSN0384,QA002010206,010206,410,SAISIE MISE A DISPO CLIENT ORA,17.550,
24/11/2021,23/11/2021,OSN0377,VC100022174,022174,450,VIREMENT NOS CAISSES,1.895.000,
,,,,,,Virmt fav. SEYE ADAMA,,
,,,,,,FACTURE DU 04/11/2021,,
24/11/2021,23/11/2021,OSN0377,VB115038516,038516,454,FRIGO DE LUNION,8.000.000,
,,,,,,Virmt fav. FRIGO DE LUNION,,
,,,,,,AVANCE FRAIS PRESTATION,,
24/11/2021,23/11/2021,OSN0377,VB115038516,038516,454,FRIGO DE LUNION,5.850,
30/11/2021,30/11/2021,OSN0377,FS028115996,115996,028,FRAIS TENUE CPT ETS,17.550,
30/11/2021,01/12/2021,AUTO,AG150494,150494,250,AGIOS DU 01/11/21 AU 30/11/21,1.978,
30/11/2021,29/11/2021,OSN0400,QA002010268,010268,410,SAISIE MISE A DISPO CLIENT ORA,4.500.000,
30/11/2021,29/11/2021,OSN0400,QA002010268,010268,410,SAISIE MISE A DISPO CLIENT ORA,17.550,
03/12/2021,02/12/2021,OSN0384,QA002010314,010314,410,SAISIE MISE A DISPO CLIENT ORA,250.000,
03/12/2021,02/12/2021,OSN0384,QA002010314,010314,410,SAISIE MISE A DISPO CLIENT ORA,17.550,
03/12/2021,02/12/2021,OSN0258,QA002010317,010317,410,SAISIE MISE A DISPO CLIENT ORA,1.600.000,
03/12/2021,02/12/2021,OSN0258,QA002010317,010317,410,SAISIE MISE A DISPO CLIENT ORA,17.550,
06/12/2021,03/12/2021,OSN0093,FS809090406,090406,809,FRAIS DE SERVICE E-BANKING,7.020,
,,,,,,Frais de souscription Ora@net,,
06/12/2021,08/12/2021,OSN0273,VR001021544,021544,T15,RAPATRIEMENT DE DEVISES,,10.217.022
,,,,,,TR421008270 ord. LIN SHON,,
,,,,,,"SHIPPING (LSO 2013) L 15575,75",,
,,,,,,EUR,,
,,,,,,VIRT,,
07/12/2021,06/12/2021,OSN0384,QA002010371,010371,410,SAISIE MISE A DISPO CLIENT ORA,3.300.000,
07/12/2021,06/12/2021,OSN0384,QA002010371,010371,410,SAISIE MISE A DISPO CLIENT ORA,17.550,
07/12/2021,06/12/2021,OSN0384,QA002010377,010377,410,SAISIE MISE A DISPO CLIENT ORA,4.000.000,
07/12/2021,06/12/2021,OSN0384,QA002010377,010377,410,SAISIE MISE A DISPO CLIENT ORA,17.550,
08/12/2021,07/12/2021,OSN0258,QA002010394,010394,410,SAISIE MISE A DISPO CLIENT ORA,3.000.000,
08/12/2021,07/12/2021,OSN0258,QA002010394,010394,410,SAISIE MISE A DISPO CLIENT ORA,17.550,
09/12/2021,13/12/2021,OSN0273,VR001021657,021657,T15,RAPATRIEMENT DE DEVISES,,45.832.372
,,,,,,TR421008394 ord. OCEANFISH,,
,,,,,,"TRADING SOCIEDAD LIM 69871,00",,
,,,,,,EUR,,
,,,,,,Avance Proforma,,
09/12/2021,13/12/2021,OSN0273,VR001021658,021658,T15,RAPATRIEMENT DE DEVISES,,98.308.932
,,,,,,TR421008395 ord. OCEANFISH,,
,,,,,,"TRADING SOCIEDAD LIM 149871,00",,
,,,,,,EU,,
,,,,,,Avance Proforma,,
10/12/2021,09/12/2021,OSN0400,QA002010428,010428,410,SAISIE MISE A DISPO CLIENT ORA,65.595.000,
10/12/2021,09/12/2021,OSN0400,QA002010428,010428,410,SAISIE MISE A DISPO CLIENT ORA,17.550,
10/12/2021,09/12/2021,OSN0254,RTGS2111210,015613,529,BISSAU PESCA & SERVICOS SARL,65.595.000,
,,,,,,BISSAU PESCA & SERVICOS SARL,,
,,,,,,FACTURE 068/21,,
10/12/2021,09/12/2021,OSN0254,RTGS2111210,015613,529,BISSAU PESCA & SERVICOS SARL,29.250,
13/12/2021,10/12/2021,OSN0400,QA002010454,010454,410,SAISIE MISE A DISPO CLIENT ORA,4.000.000,
13/12/2021,10/12/2021,OSN0400,QA002010454,010454,410,SAISIE MISE A DISPO CLIENT ORA,17.550,
14/12/2021,13/12/2021,OSN0258,QA002010469,010469,410,SAISIE MISE A DISPO CLIENT ORA,1.000.000,
14/12/2021,13/12/2021,OSN0258,QA002010469,010469,410,SAISIE MISE A DISPO CLIENT ORA,17.550,
15/12/2021,14/12/2021,OSN0258,QA002010488,010488,410,SAISIE MISE A DISPO CLIENT ORA,4.000.000,
15/12/2021,14/12/2021,OSN0258,QA002010488,010488,410,SAISIE MISE A DISPO CLIENT ORA,17.550,
21/12/2021,20/12/2021,OSN0258,QA002010572,010572,410,SAISIE MISE A DISPO CLIENT ORA,3.000.000,
21/12/2021,20/12/2021,OSN0258,QA002010572,010572,410,SAISIE MISE A DISPO CLIENT ORA,17.550,
22/12/2021,21/12/2021,OSN0384,QA002010582,010582,410,SAISIE MISE A DISPO CLIENT ORA,400.000,
22/12/2021,21/12/2021,OSN0384,QA002010582,010582,410,SAISIE MISE A DISPO CLIENT ORA,17.550,
22/12/2021,24/12/2021,OSN0273,VR001021964,021964,T15,RAPATRIEMENT DE DEVISES,,4.132.529
,,,,,,TR421008730 ord. DAGAT HAARETZ,,
,,,,,,"COOPERATIVE AGRI 6300,00 EUR",,
,,,,,,VIRT,,
24/12/2021,23/12/2021,OSN0400,QA002010628,010628,410,SAISIE MISE A DISPO CLIENT ORA,20.000.000,
24/12/2021,23/12/2021,OSN0400,QA002010628,010628,410,SAISIE MISE A DISPO CLIENT ORA,17.550,
24/12/2021,24/12/2021,OSN0074,VR001022009,022009,T15,RAPATRIEMENT DE DEVISES,,163.904.632
,,,,,,TR421008777 ord. OCEANFISH,,
,,,,,,"TRADING SOCIEDAD LIM 249871,00",,
,,,,,,EU,,
,,,,,,Avance Proforma,,
27/12/2021,24/12/2021,OSN0307,RTGS2111227,016037,529,BISSAU PESCA SERVICES SARL,80.000.000,
,,,,,,BISSAU PESCA SERVICES SARL,,
,,,,,,FACTURE 068 21,,
27/12/2021,24/12/2021,OSN0307,RTGS2111227,016037,529,BISSAU PESCA SERVICES SARL,29.250,
28/12/2021,27/12/2021,OSN0280,QA002010678,010678,410,SAISIE MISE A DISPO CLIENT ORA,200.000,
28/12/2021,27/12/2021,OSN0280,QA002010678,010678,410,SAISIE MISE A DISPO CLIENT ORA,17.550,
28/12/2021,27/12/2021,OSN0377,VB115040230,040230,454,KANNA INTERNATIONAL SENEGAL,2.651.000,
,,,,,,Virmt fav. KANNA INTERNATIONAL,,
,,,,,,SENEGAL,,
,,,,,,FACTURE 16367,,
28/12/2021,27/12/2021,OSN0377,VB115040230,040230,454,KANNA INTERNATIONAL SENEGAL,5.850,
30/12/2021,29/12/2021,OSN0400,QA002010704,010704,410,SAISIE MISE A DISPO CLIENT ORA,250.000,
30/12/2021,29/12/2021,OSN0400,QA002010704,010704,410,SAISIE MISE A DISPO CLIENT ORA,17.550,
31/12/2021,31/12/2021,OSN0377,FS028117787,117787,028,FRAIS TENUE CPT ETS,17.550,
31/12/2021,01/01/2022,AUTO,AG152329,152329,250,AGIOS DU 01/12/21 AU 31/12/21,276.083,
03/01/2022,31/12/2021,OSN0384,QA002010772,010772,410,SAISIE MISE A DISPO CLIENT ORA,300.000,
03/01/2022,31/12/2021,OSN0384,QA002010772,010772,410,SAISIE MISE A DISPO CLIENT ORA,17.550,
04/01/2022,03/01/2022,OSN0377,VB115040555,040555,454,KANNA INTERNATIONAL SENEGAL,2.651.000,
,,,,,,Virmt fav. KANNA INTERNATIONAL,,
,,,,,,SENEGAL,,
,,,,,,RGLT FACT 16367,,
04/01/2022,03/01/2022,OSN0377,VB115040555,040555,454,KANNA INTERNATIONAL SENEGAL,5.850,
04/01/2022,03/01/2022,OSN0377,VB115040612,040612,454,KANNA INTERNATIONAL SENEGAL,6.437.900,
,,,,,,Virmt fav. KANNA INTERNATIONAL,,
,,,,,,SENEGAL,,
,,,,,,FACTUURE 16392,,
04/01/2022,03/01/2022,OSN0377,VB115040612,040612,454,KANNA INTERNATIONAL SENEGAL,5.850,
04/01/2022,30/12/2021,OSN0074,DO002001329,001329,M05,FRA/COM/TA 1009/EX/20,11.700,
05/01/2022,04/01/2022,OSN0400,QA002010807,010807,410,SAISIE MISE A DISPO CLIENT ORA,5.318.000,
05/01/2022,04/01/2022,OSN0400,QA002010807,010807,410,SAISIE MISE A DISPO CLIENT ORA,17.550,
05/01/2022,04/01/2022,OSN0400,QA002010808,010808,410,SAISIE MISE A DISPO CLIENT ORA,100.000,
05/01/2022,04/01/2022,OSN0400,QA002010808,010808,410,SAISIE MISE A DISPO CLIENT ORA,17.550,
05/01/2022,04/01/2022,OSN0280,QA002010816,010816,410,SAISIE MISE A DISPO CLIENT ORA,250.000,
05/01/2022,04/01/2022,OSN0280,QA002010816,010816,410,SAISIE MISE A DISPO CLIENT ORA,17.550,
06/01/2022,05/01/2022,OSN0500,QA002010832,010832,410,SAISIE MISE A DISPO CLIENT ORA,30.000.000,
06/01/2022,05/01/2022,OSN0500,QA002010832,010832,410,SAISIE MISE A DISPO CLIENT ORA,17.550,
06/01/2022,05/01/2022,OSN0093,FS809092697,092697,809,FRAIS DE SERVICE E-BANKING,7.020,
,,,,,,Frais de souscription Ora@net,,
07/01/2022,06/01/2022,OSN0436,QA002010892,010892,410,SAISIE MISE A DISPO CLIENT ORA,250.000,
07/01/2022,06/01/2022,OSN0436,QA002010892,010892,410,SAISIE MISE A DISPO CLIENT ORA,17.550,
10/01/2022,07/01/2022,OSN0349,QA002010933,010933,410,SAISIE MISE A DISPO CLIENT ORA,1.500.000,
10/01/2022,07/01/2022,OSN0349,QA002010933,010933,410,SAISIE MISE A DISPO CLIENT ORA,17.550,
11/01/2022,10/01/2022,OSN0400,QA002010951,010951,410,SAISIE MISE A DISPO CLIENT ORA,2.000.000,
11/01/2022,10/01/2022,OSN0400,QA002010951,010951,410,SAISIE MISE A DISPO CLIENT ORA,17.550,
12/01/2022,11/01/2022,OSN0258,QA002010991,010991,410,SAISIE MISE A DISPO CLIENT ORA,1.000.000,
12/01/2022,11/01/2022,OSN0258,QA002010991,010991,410,SAISIE MISE A DISPO CLIENT ORA,17.550,
12/01/2022,11/01/2022,OSN0280,QA002010993,010993,410,SAISIE MISE A DISPO CLIENT ORA,800.000,
12/01/2022,11/01/2022,OSN0280,QA002010993,010993,410,SAISIE MISE A DISPO CLIENT ORA,17.550,
14/01/2022,18/01/2022,OSN0074,VR001022561,022561,T15,RAPATRIEMENT DE DEVISES,,9.448.405
,,,,,,TR422000335 ord. LIN SHON,,
,,,,,,"SHIPPING (LSO 2013) L 14404,00",,
,,,,,,EUR,,
,,,,,,SOLDE 1062/EX/2021,,
17/01/2022,14/01/2022,OSN0436,QA002011032,011032,410,SAISIE MISE A DISPO CLIENT ORA,250.000,
17/01/2022,14/01/2022,OSN0436,QA002011032,011032,410,SAISIE MISE A DISPO CLIENT ORA,17.550,
19/01/2022,18/01/2022,OSN0400,QA002011108,011108,410,SAISIE MISE A DISPO CLIENT ORA,100.000,
19/01/2022,18/01/2022,OSN0400,QA002011108,011108,410,SAISIE MISE A DISPO CLIENT ORA,17.550,
19/01/2022,18/01/2022,OSN0384,QA002011113,011113,410,SAISIE MISE A DISPO CLIENT ORA,1.250.000,
19/01/2022,18/01/2022,OSN0384,QA002011113,011113,410,SAISIE MISE A DISPO CLIENT ORA,17.550,
20/01/2022,19/01/2022,OSN0400,QA002011139,011139,410,SAISIE MISE A DISPO CLIENT ORA,350.000,
20/01/2022,19/01/2022,OSN0400,QA002011139,011139,410,SAISIE MISE A DISPO CLIENT ORA,17.550,
20/01/2022,19/01/2022,OSN0093,VB115041447,041447,454,KANNA INTERNATIONAL SENEGAL,4.200.000,
,,,,,,Virmt fav. KANNA INTERNATIONAL,,
,,,,,,SENEGAL,,
,,,,,,FACTURE 16418,,
20/01/2022,19/01/2022,OSN0093,VB115041447,041447,454,KANNA INTERNATIONAL SENEGAL,5.850,
21/01/2022,20/01/2022,OSN0384,QA002011161,011161,410,SAISIE MISE A DISPO CLIENT ORA,100.000,
21/01/2022,20/01/2022,OSN0384,QA002011161,011161,410,SAISIE MISE A DISPO CLIENT ORA,17.550,
24/01/2022,21/01/2022,OSN0258,QA002011189,011189,410,SAISIE MISE A DISPO CLIENT ORA,100.000,
24/01/2022,21/01/2022,OSN0258,QA002011189,011189,410,SAISIE MISE A DISPO CLIENT ORA,17.550,
24/01/2022,21/01/2022,OSN0258,QA002011190,011190,410,SAISIE MISE A DISPO CLIENT ORA,150.000,
24/01/2022,21/01/2022,OSN0258,QA002011190,011190,410,SAISIE MISE A DISPO CLIENT ORA,17.550,
25/01/2022,27/01/2022,OSN0074,VR001022802,022802,T15,RAPATRIEMENT DE DEVISES,,65.511.082
,,,,,,TR422000602 ord. OCEANFISH,,
,,,,,,"TRADING SOCIEDAD LIM 99871,00",,
,,,,,,EUR,,
,,,,,,Avance Proforma,,
28/01/2022,27/01/2022,OSN0476,QA002011248,011248,410,SAISIE MISE A DISPO CLIENT ORA,1.100.000,
28/01/2022,27/01/2022,OSN0476,QA002011248,011248,410,SAISIE MISE A DISPO CLIENT ORA,17.550,
28/01/2022,27/01/2022,SCPM,CR474317,474317,423,CHQ RECU COMPENSE 4583411,53.500.000,
,,,,,,Chq OCI n. 4583411,,
28/01/2022,01/02/2022,OSN0074,VR001022901,022901,T15,RAPATRIEMENT DE DEVISES,,62.231.297
,,,,,,TR422000710 ord. OCEANFISH,,
,,,,,,"TRADING SOCIEDAD LIM 94871,00",,
,,,,,,EUR,,
,,,,,,TRANSFERENCIA REALIZADA POR,,
,,,,,,BANCA M,,
31/01/2022,31/01/2022,OSN0377,FS028119671,119671,028,FRAIS TENUE CPT ETS,17.550,
31/01/2022,01/02/2022,AUTO,AG155272,155272,250,AGIOS DU 01/01/22 AU 31/01/22,69.359,
31/01/2022,28/01/2022,OSN0280,QA002011276,011276,410,SAISIE MISE A DISPO CLIENT ORA,6.500.000,
31/01/2022,28/01/2022,OSN0280,QA002011276,011276,410,SAISIE MISE A DISPO CLIENT ORA,17.550,
31/01/2022,28/01/2022,OSN0280,QA002011281,011281,410,SAISIE MISE A DISPO CLIENT ORA,58.000.000,
31/01/2022,28/01/2022,OSN0280,QA002011281,011281,410,SAISIE MISE A DISPO CLIENT ORA,17.550,
01/02/2022,31/01/2022,OSN0280,QA002011301,011301,410,SAISIE MISE A DISPO CLIENT ORA,4.500.000,
01/02/2022,31/01/2022,OSN0280,QA002011301,011301,410,SAISIE MISE A DISPO CLIENT ORA,17.550,
02/02/2022,01/02/2022,OSN0280,QA002011310,011310,410,SAISIE MISE A DISPO CLIENT ORA,400.000,
02/02/2022,01/02/2022,OSN0280,QA002011310,011310,410,SAISIE MISE A DISPO CLIENT ORA,17.550,
07/02/2022,04/02/2022,OSN0093,FS809094892,094892,809,FRAIS DE SERVICE E-BANKING,7.020,
,,,,,,Frais de souscription Ora@net,,
08/02/2022,07/02/2022,OSN0280,QA002011395,011395,410,SAISIE MISE A DISPO CLIENT ORA,160.000,
08/02/2022,07/02/2022,OSN0280,QA002011395,011395,410,SAISIE MISE A DISPO CLIENT ORA,17.550,
08/02/2022,07/02/2022,OSN0078,VB115042369,042369,454,KANNA INTERNATIONAL SENEGA,4.006.000,
,,,,,,Virmt fav. KANNA INTERNATIONAL,,
,,,,,,SENEGA,,
,,,,,,FACTURE 16418,,
08/02/2022,07/02/2022,OSN0078,VB115042369,042369,454,KANNA INTERNATIONAL SENEGA,5.850,
10/02/2022,09/02/2022,OSN0528,QA002011439,011439,410,SAISIE MISE A DISPO CLIENT ORA,1.500.000,
10/02/2022,09/02/2022,OSN0528,QA002011439,011439,410,SAISIE MISE A DISPO CLIENT ORA,17.550,
10/02/2022,09/02/2022,OSN0280,QA002011441,011441,410,SAISIE MISE A DISPO CLIENT ORA,500.000,
10/02/2022,09/02/2022,OSN0280,QA002011441,011441,410,SAISIE MISE A DISPO CLIENT ORA,17.550,
15/02/2022,14/02/2022,OSN0528,QA002011535,011535,410,SAISIE MISE A DISPO CLIENT ORA,2.500.000,
15/02/2022,14/02/2022,OSN0528,QA002011535,011535,410,SAISIE MISE A DISPO CLIENT ORA,17.550,
15/02/2022,14/02/2022,OSN0528,QA002011537,011537,410,SAISIE MISE A DISPO CLIENT ORA,750.000,
15/02/2022,14/02/2022,OSN0528,QA002011537,011537,410,SAISIE MISE A DISPO CLIENT ORA,17.550,
16/02/2022,15/02/2022,OSN0528,QA002011575,011575,410,SAISIE MISE A DISPO CLIENT ORA,3.200.000,
16/02/2022,15/02/2022,OSN0528,QA002011575,011575,410,SAISIE MISE A DISPO CLIENT ORA,17.550,
17/02/2022,16/02/2022,OSN0446,QA002011608,011608,410,SAISIE MISE A DISPO CLIENT ORA,1.000.000,
17/02/2022,16/02/2022,OSN0446,QA002011608,011608,410,SAISIE MISE A DISPO CLIENT ORA,17.550,
17/02/2022,16/02/2022,OSN0450,QA002011610,011610,410,SAISIE MISE A DISPO CLIENT ORA,250.000,
17/02/2022,16/02/2022,OSN0450,QA002011610,011610,410,SAISIE MISE A DISPO CLIENT ORA,17.550,
17/02/2022,16/02/2022,OSN0528,QA002011616,011616,410,SAISIE MISE A DISPO CLIENT ORA,1.000.000,
17/02/2022,16/02/2022,OSN0528,QA002011616,011616,410,SAISIE MISE A DISPO CLIENT ORA,17.550,
17/02/2022,16/02/2022,OSN0377,VC100025517,025517,450,VIREMENT NOS CAISSES,2.685.198,
,,,,,,Virmt fav. MAERSK SENEGAL SA,,
,,,,,,RGLT DIVERSES FACTURES,,
17/02/2022,21/02/2022,OSN0074,VR001023463,023463,T15,RAPATRIEMENT DE DEVISES,,3.577.084
,,,,,,TR422001317 ord. NETO MALINDA,,
,,,,,,"TRADING LTD 5453,23 EUR",,
,,,,,,INVOICE 201,,
21/02/2022,18/02/2022,OSN0476,QA002011658,011658,410,SAISIE MISE A DISPO CLIENT ORA,950.000,
21/02/2022,18/02/2022,OSN0476,QA002011658,011658,410,SAISIE MISE A DISPO CLIENT ORA,17.550,
22/02/2022,24/02/2022,OSN0074,VR001023560,023560,T15,RAPATRIEMENT DE DEVISES,,5.021.351
,,,,,,TR422001423 ord. LIN SHON,,
,,,,,,"SHIPPING (LSO 2013) L 7655,00",,
,,,,,,EUR,,
,,,,,,RECETTES D EXPORTATION DOSSIER,,
23/02/2022,22/02/2022,OSN0280,QA002011691,011691,410,SAISIE MISE A DISPO CLIENT ORA,4.000.000,
23/02/2022,22/02/2022,OSN0280,QA002011691,011691,410,SAISIE MISE A DISPO CLIENT ORA,17.550,
23/02/2022,25/02/2022,OSN0249,VR001023620,023620,T15,RAPATRIEMENT DE DEVISES,,4.216.885
,,,,,,TR422001487 ord. NETO MALINDA,,
,,,,,,"TRADING LTD 6428,60 EUR",,
,,,,,,INVOICE 220202,,
24/02/2022,23/02/2022,OSN0528,QA002011714,011714,410,SAISIE MISE A DISPO CLIENT ORA,1.400.000,
24/02/2022,23/02/2022,OSN0528,QA002011714,011714,410,SAISIE MISE A DISPO CLIENT ORA,17.550,
24/02/2022,23/02/2022,OSN0528,QA002011716,011716,410,SAISIE MISE A DISPO CLIENT ORA,300.000,
24/02/2022,23/02/2022,OSN0528,QA002011716,011716,410,SAISIE MISE A DISPO CLIENT ORA,17.550,
25/02/2022,24/02/2022,OSN0280,QA002011750,011750,410,SAISIE MISE A DISPO CLIENT ORA,100.000,
25/02/2022,24/02/2022,OSN0280,QA002011750,011750,410,SAISIE MISE A DISPO CLIENT ORA,17.550,
28/02/2022,28/02/2022,OSN0377,FS028122045,122045,028,FRAIS TENUE CPT ETS,17.550,
28/02/2022,01/03/2022,AUTO,AG156956,156956,250,AGIOS DU 01/02/22 AU 28/02/22,2.202,
02/03/2022,01/03/2022,OSN0528,QA002011789,011789,410,SAISIE MISE A DISPO CLIENT ORA,4.500.000,
02/03/2022,01/03/2022,OSN0528,QA002011789,011789,410,SAISIE MISE A DISPO CLIENT ORA,17.550,
02/03/2022,01/03/2022,OSN0528,QA002011796,011796,410,SAISIE MISE A DISPO CLIENT ORA,500.000,
02/03/2022,01/03/2022,OSN0528,QA002011796,011796,410,SAISIE MISE A DISPO CLIENT ORA,17.550,
02/03/2022,01/03/2022,OSN0280,QA002011799,011799,410,SAISIE MISE A DISPO CLIENT ORA,3.500.000,
02/03/2022,01/03/2022,OSN0280,QA002011799,011799,410,SAISIE MISE A DISPO CLIENT ORA,17.550,
02/03/2022,04/03/2022,OSN0032,VR001023815,023815,T15,RAPATRIEMENT DE DEVISES,,3.837.348
,,,,,,TR422001698 ord. DAGAT HAARETZ,,
,,,,,,"AGRICULTURE 5850,00 EUR",,
,,,,,,INV:FRE210205 DATE,,
,,,,,,21/02/22,,
03/03/2022,02/03/2022,OSN0476,QA002011836,011836,410,SAISIE MISE A DISPO CLIENT ORA,2.350.000,
03/03/2022,02/03/2022,OSN0476,QA002011836,011836,410,SAISIE MISE A DISPO CLIENT ORA,17.550,
07/03/2022,04/03/2022,OSN0377,VB115043842,043842,454,BOLLORE AFRICA LOGISTICS SENEG,6.150.000,
,,,,,,Virmt fav. BOLLORE AFRICA,,
,,,,,,LOGISTICS SENEG,,
,,,,,,POUR OUSMANE SARR,,
07/03/2022,04/03/2022,OSN0377,VB115043842,043842,454,BOLLORE AFRICA LOGISTICS SENEG,5.850,
07/03/2022,04/03/2022,OSN0093,FS809097197,097197,809,FRAIS DE SERVICE E-BANKING,7.020,
,,,,,,Frais de souscription Ora@net,,
07/03/2022,09/03/2022,OSN0273,VR001023950,023950,T15,RAPATRIEMENT DE DEVISES,,13.364.553
,,,,,,TR422001840 ord. LIN SHON,,
,,,,,,"SHIPPING (LSO 2013) L 20374,13",,
,,,,,,EUR,,
,,,,,,DOSSIER EX 2022,,
08/03/2022,07/03/2022,OSN0528,QA002011912,011912,410,SAISIE MISE A DISPO CLIENT ORA,7.820.000,
08/03/2022,07/03/2022,OSN0528,QA002011912,011912,410,SAISIE MISE A DISPO CLIENT ORA,17.550,
10/03/2022,09/03/2022,OSN0528,QA002011932,011932,410,SAISIE MISE A DISPO CLIENT ORA,150.000,
10/03/2022,09/03/2022,OSN0528,QA002011932,011932,410,SAISIE MISE A DISPO CLIENT ORA,17.550,
11/03/2022,10/03/2022,OSN0280,QA002011971,011971,410,SAISIE MISE A DISPO CLIENT ORA,751.000,
11/03/2022,10/03/2022,OSN0280,QA002011971,011971,410,SAISIE MISE A DISPO CLIENT ORA,17.550,
15/03/2022,14/03/2022,OSN0307,RTGS2100315,003802,462,PETROMAR SOC,39.821.000,
,,,,,,Virmt fav. PETROMAR SOC,,
,,,,,,FACTURA 2022A 1096,,
15/03/2022,14/03/2022,OSN0307,RTGS2100315,003802,462,PETROMAR SOC,17.550,
15/03/2022,17/03/2022,OSN0074,VR001024205,024205,T15,RAPATRIEMENT DE DEVISES,,45.832.372
,,,,,,TR422002119 ord. OCEANFISH,,
,,,,,,"TRADING SOCIEDAD LIM 69871,00",,
,,,,,,EUR,,
,,,,,,AVANCE PROFORMA,,
15/03/2022,17/03/2022,OSN0074,VR001024211,024211,T15,RAPATRIEMENT DE DEVISES,,3.227.243
,,,,,,TR422002125 ord. DAGAT HAARETZ,,
,,,,,,"AGRICULTURE 4919,90 EUR",,
,,,,,,INV:FRE2203102 DATE,,
,,,,,,05/03/22,,
22/03/2022,21/03/2022,OSN0294,RC632255,054338,420,REMISE CHQ INTERNE 4583479,5.000.000,
,,,,,,Paiemt chq ORABANK n. 4583479,,
23/03/2022,22/03/2022,SCPM,CR498789,498789,423,CHQ RECU COMPENSE 4583481,1.949.474,
,,,,,,Chq OCI n. 4583481,,
23/03/2022,22/03/2022,SCPM,CR498836,498836,423,CHQ RECU COMPENSE 4583480,1.700.000,
,,,,,,Chq OCI n. 4583480,,
24/03/2022,23/03/2022,SCPM,CR499461,499461,423,CHQ RECU COMPENSE 4583477,710.000,
,,,,,,Chq OCI n. 4583477,,
28/03/2022,25/03/2022,OSN0446,QA002012182,012182,410,SAISIE MISE A DISPO CLIENT ORA,10.000.000,
28/03/2022,25/03/2022,OSN0446,QA002012182,012182,410,SAISIE MISE A DISPO CLIENT ORA,17.550,
28/03/2022,30/03/2022,OSN0273,VR001024506,024506,T15,RAPATRIEMENT DE DEVISES,,91.749.362
,,,,,,TR422002442 ord. OCEANFISH,,
,,,,,,"TRADING SOCIEDAD LIM 139871,00",,
,,,,,,EU,,
,,,,,,AVANCE PROFORMA,,
29/03/2022,28/03/2022,OSN0539,RTGS2110329,017865,529,BISSAU PESCA ET SERVICOS SARL,52.615.000,
,,,,,,BISSAU PESCA ET SERVICOS SARL,,
,,,,,,FACTURE 068/21,,
29/03/2022,28/03/2022,OSN0539,RTGS2110329,017865,529,BISSAU PESCA ET SERVICOS SARL,29.250,
30/03/2022,29/03/2022,OSN0476,QA002012202,012202,410,SAISIE MISE A DISPO CLIENT ORA,5.200.000,
30/03/2022,29/03/2022,OSN0476,QA002012202,012202,410,SAISIE MISE A DISPO CLIENT ORA,17.550,
30/03/2022,29/03/2022,OSN0476,QA002012214,012214,410,SAISIE MISE A DISPO CLIENT ORA,350.000,
30/03/2022,29/03/2022,OSN0476,QA002012214,012214,410,SAISIE MISE A DISPO CLIENT ORA,17.550,
31/03/2022,31/03/2022,OSN0377,FS028123964,123964,028,FRAIS TENUE CPT ETS,17.550,
31/03/2022,01/04/2022,AUTO,AG158726,158726,250,AGIOS DU 01/03/22 AU 31/03/22,149.146,
01/04/2022,31/03/2022,OSN0528,QA002012248,012248,410,SAISIE MISE A DISPO CLIENT ORA,250.000,
01/04/2022,31/03/2022,OSN0528,QA002012248,012248,410,SAISIE MISE A DISPO CLIENT ORA,17.550,
01/04/2022,29/03/2022,OSN0273,DO002001481,001481,M05,FRA/COM/TA 219/EX/202,11.700,
01/04/2022,29/03/2022,OSN0273,DO002001482,001482,M05,FRA/COM/TA 230/EX/202,11.700,
05/04/2022,01/04/2022,OSN0528,QA002012289,012289,410,SAISIE MISE A DISPO CLIENT ORA,5.500.000,
05/04/2022,01/04/2022,OSN0528,QA002012289,012289,410,SAISIE MISE A DISPO CLIENT ORA,17.550,
06/04/2022,06/04/2022,OSN0528,RE002473275,473275,040,RETRAIT ESPECES CPT 4583413,375.000,
,,,,,,CHQ N. 4583413 du 06/04/2022,,
,,,,,,OUSMANE DIOP,,
06/04/2022,05/04/2022,OSN0258,QA002012295,012295,410,SAISIE MISE A DISPO CLIENT ORA,3.500.000,
06/04/2022,05/04/2022,OSN0258,QA002012295,012295,410,SAISIE MISE A DISPO CLIENT ORA,17.550,
06/04/2022,05/04/2022,OSN0093,FS809099566,099566,809,FRAIS DE SERVICE E-BANKING,7.020,
,,,,,,Frais de souscription Ora@net,,
08/04/2022,08/04/2022,OSN0493,RA475616,475616,040,RETRAIT ESPECES CPT 4583412,35.000,
,,,,,,CHQ N. 4583412 du 08/04/2022,,
,,,,,,SAMBA NGOM,,
11/04/2022,11/04/2022,OSN0335,RA477663,477663,040,RETRAIT ESPECES CPT 4583415,360.000,
,,,,,,CHQ N. 4583415 du 11/04/2022,,
,,,,,,AISSATOU DIEME,,
11/04/2022,11/04/2022,OSN0493,RA478642,478642,040,RETRAIT ESPECES CPT 4583414,35.000,
,,,,,,CHQ N. 4583414 du 11/04/2022,,
,,,,,,MODOU MOUSSA NDIEGUENE,,
11/04/2022,08/04/2022,OSN0093,VB115045627,045627,454,BOLLORE AFRICA LOGISTICS SENEG,1.150.000,
,,,,,,Virmt fav. BOLLORE AFRICA,,
,,,,,,LOGISTICS SENEG,,
,,,,,,VIREMENT,,
11/04/2022,08/04/2022,OSN0093,VB115045627,045627,454,BOLLORE AFRICA LOGISTICS SENEG,5.850,
13/04/2022,13/04/2022,OSN0357,RA481945,481945,040,RETRAIT ESPECES CPT 4583417,100.000,
,,,,,,CHQ N. 4583417 du 13/04/2022,,
,,,,,,VIEUX MANGA TEL: 78 285 51 84,,
13/04/2022,12/04/2022,OSN0528,QA002012405,012405,410,SAISIE MISE A DISPO CLIENT ORA,1.500.000,
13/04/2022,12/04/2022,OSN0528,QA002012405,012405,410,SAISIE MISE A DISPO CLIENT ORA,17.550,
13/04/2022,12/04/2022,SCPM,CR508409,508409,423,CHQ RECU COMPENSE 4583416,542.400,
,,,,,,Chq OCI n. 4583416,,
14/04/2022,13/04/2022,OSN0449,QA002012440,012440,410,SAISIE MISE A DISPO CLIENT ORA,1.500.000,
14/04/2022,13/04/2022,OSN0449,QA002012440,012440,410,SAISIE MISE A DISPO CLIENT ORA,17.550,
14/04/2022,13/04/2022,OSN0476,QA002012444,012444,410,SAISIE MISE A DISPO CLIENT ORA,200.000,
14/04/2022,13/04/2022,OSN0476,QA002012444,012444,410,SAISIE MISE A DISPO CLIENT ORA,17.550,
14/04/2022,13/04/2022,OSN0510,RTGS2110414,018261,529,BISSAU PESCA & SERVICOS SARL,98.890.000,
,,,,,,BISSAU PESCA & SERVICOS SARL,,
,,,,,,VIREMENT,,
14/04/2022,13/04/2022,OSN0510,RTGS2110414,018261,529,BISSAU PESCA & SERVICOS SARL,29.250,
14/04/2022,18/04/2022,OSN0074,VR001025110,025110,T15,RAPATRIEMENT DE DEVISES,,196.699.202
,,,,,,TR422003092 ord. OCEANFISH,,
,,,,,,"TRADING SOCIEDAD LIM 299866,00",,
,,,,,,EU,,
,,,,,,AVANCE PROFORMA,,
15/04/2022,14/04/2022,OSN0528,QA002012455,012455,410,SAISIE MISE A DISPO CLIENT ORA,2.000.000,
15/04/2022,14/04/2022,OSN0528,QA002012455,012455,410,SAISIE MISE A DISPO CLIENT ORA,17.550,
15/04/2022,14/04/2022,OSN0377,VB115045955,045955,454,KANNA INTERNATIONAL SENEGAL,2.016.000,
,,,,,,Virmt fav. KANNA INTERNATIONAL,,
,,,,,,SENEGAL,,
,,,,,,RGLT FACT N°16696,,
15/04/2022,14/04/2022,OSN0377,VB115045955,045955,454,KANNA INTERNATIONAL SENEGAL,5.850,
15/04/2022,14/04/2022,OSN0393,RTGS2110415,018293,529,PETROMAR SOC,101.110.000,
,,,,,,PETROMAR SOC,,
,,,,,,FACTURE 2022A/2311-2312-3393,,
15/04/2022,14/04/2022,OSN0393,RTGS2110415,018293,529,PETROMAR SOC,29.250,
15/04/2022,12/04/2022,OSN0545,DO002001533,001533,M05,FRA/COM/TA 311/EX/202,11.700,
21/04/2022,20/04/2022,OSN0273,DO002001587,001587,M05,FRA/COM/TA 311/EX//20,11.700,
25/04/2022,22/04/2022,OSN0528,QA002012558,012558,410,SAISIE MISE A DISPO CLIENT ORA,5.000.000,
25/04/2022,22/04/2022,OSN0528,QA002012558,012558,410,SAISIE MISE A DISPO CLIENT ORA,17.550,
25/04/2022,26/04/2022,OSN0545,VR001025291,025291,T15,RAPATRIEMENT DE DEVISES,,3.585.035
,,,,,,TR422003290 ord. DAGAT HAARETZ,,
,,,,,,"AGRICULTURE 5465,35 EUR",,
,,,,,,INV:FRE2204103 DATE,,
,,,,,,09/04/22,,
25/04/2022,27/04/2022,OSN0074,VR001025354,025354,T15,RAPATRIEMENT DE DEVISES,,65.507.802
,,,,,,TR422003360 ord. OCEANFISH,,
,,,,,,"TRADING SOCIEDAD LIM 99866,00",,
,,,,,,EUR,,
,,,,,,AVANCE PROFORMA,,
27/04/2022,26/04/2022,OSN0515,RTGS2110427,018518,529,BISSAU PESCA ET SERVICOS SARL,60.000.000,
,,,,,,BISSAU PESCA ET SERVICOS SARL,,
,,,,,,VIREMENT,,
27/04/2022,26/04/2022,OSN0515,RTGS2110427,018518,529,BISSAU PESCA ET SERVICOS SARL,29.250,
29/04/2022,29/04/2022,OSN0377,FS028125885,125885,028,FRAIS TENUE CPT ETS,17.550,
29/04/2022,01/05/2022,AUTO,AG160624,160624,250,AGIOS DU 01/04/22 AU 30/04/22,459.076,
06/05/2022,06/05/2022,OSN0371,FF053122,053122,128,FRAIS DE FORCAGE 53122,365.040,
06/05/2022,05/05/2022,OSN0449,QA002012747,012747,410,SAISIE MISE A DISPO CLIENT ORA,10.000.000,
06/05/2022,05/05/2022,OSN0449,QA002012747,012747,410,SAISIE MISE A DISPO CLIENT ORA,17.550,
06/05/2022,05/05/2022,SCPM,CR519009,519009,423,CHQ RECU COMPENSE 4583418,31.200.000,
,,,,,,Chq OCI n. 4583418,,
06/05/2022,05/05/2022,OSN0093,FS809101942,101942,809,FRAIS DE SERVICE E-BANKING,7.020,
,,,,,,Frais de souscription Ora@net,,
06/05/2022,05/05/2022,OSN0273,DO002001671,001671,M05,FRA/COM/TA 375/EX/202,11.700,
06/05/2022,10/05/2022,OSN0074,VR001025726,025726,T15,RAPATRIEMENT DE DEVISES,,177.020.492
,,,,,,TR422003766 ord. OCEANFISH,,
,,,,,,"TRADING SOCIEDAD LIM 269866,00",,
,,,,,,EU,,
,,,,,,AVANCE PROFORMA,,
10/05/2022,09/05/2022,OSN0528,QA002012769,012769,410,SAISIE MISE A DISPO CLIENT ORA,3.000.000,
10/05/2022,09/05/2022,OSN0528,QA002012769,012769,410,SAISIE MISE A DISPO CLIENT ORA,17.550,
10/05/2022,09/05/2022,OSN0179,RTGS2110510,018797,529,BISSAU PESCA ET SERVICOS,130.000.000,
,,,,,,BISSAU PESCA ET SERVICOS,,
,,,,,,FACTURE,,
10/05/2022,09/05/2022,OSN0179,RTGS2110510,018797,529,BISSAU PESCA ET SERVICOS,29.250,
13/05/2022,12/05/2022,OSN0280,QA002012797,012797,410,SAISIE MISE A DISPO CLIENT ORA,1.590.000,
13/05/2022,12/05/2022,OSN0280,QA002012797,012797,410,SAISIE MISE A DISPO CLIENT ORA,17.550,
13/05/2022,12/05/2022,OSN0528,QA002012802,012802,410,SAISIE MISE A DISPO CLIENT ORA,3.100.000,
13/05/2022,12/05/2022,OSN0528,QA002012802,012802,410,SAISIE MISE A DISPO CLIENT ORA,17.550,
16/05/2022,13/05/2022,OSN0273,DO002001699,001699,M05,FRA/COM/TA 435/EX/202,11.700,
17/05/2022,16/05/2022,OSN0273,DO002001702,001702,M05,FRA/COM/TA 432/EX/202,11.700,
18/05/2022,17/05/2022,OSN0093,VB115047889,047889,454,KANNA INTERNATIONAL SENEGAL,6.192.000,
,,,,,,Virmt fav. KANNA INTERNATIONAL,,
,,,,,,SENEGAL,,
,,,,,,FACTURE N°16696,,
18/05/2022,17/05/2022,OSN0093,VB115047889,047889,454,KANNA INTERNATIONAL SENEGAL,5.850,
18/05/2022,20/05/2022,OSN0074,VR001026126,026126,T15,RAPATRIEMENT DE DEVISES,,65.507.802
,,,,,,TR422004194 ord. OCEANFISH,,
,,,,,,"TRADING SOCIEDAD LIM 99866,00",,
,,,,,,EUR,,
,,,,,,Transferencia realizada por,,
30/05/2022,27/05/2022,OSN0093,VB115048395,048395,454,KANNA INTERNATIONAL SENEGAL,2.272.000,
,,,,,,Virmt fav. KANNA INTERNATIONAL,,
,,,,,,SENEGAL,,
,,,,,,REGLEMENT F N°16830,,
30/05/2022,27/05/2022,OSN0093,VB115048395,048395,454,KANNA INTERNATIONAL SENEGAL,5.850,
30/05/2022,27/05/2022,OSN0093,VB115048397,048397,454,BOLLORE AFRICA LOGISTICS SENEG,26.988.000,
,,,,,,Virmt fav. BOLLORE AFRICA,,
,,,,,,LOGISTICS SENEG,,
,,,,,,FACTURES FEV MARS BISSAU PESCA,,
30/05/2022,27/05/2022,OSN0093,VB115048397,048397,454,BOLLORE AFRICA LOGISTICS SENEG,5.850,
31/05/2022,31/05/2022,OSN0377,FS028128403,128403,028,FRAIS TENUE CPT ETS,17.550,
31/05/2022,01/06/2022,AUTO,AG162611,162611,250,AGIOS DU 01/05/22 AU 31/05/22,157.637,
02/06/2022,07/06/2022,OSN0074,VR001026664,026664,T15,RAPATRIEMENT DE DEVISES,,196.699.202
,,,,,,TR422004767 ord. OCEANFISH,,
,,,,,,"TRADING SOCIEDAD LIM 299866,00",,
,,,,,,EU,,
,,,,,,Avance proforma,,
03/06/2022,03/06/2022,OSN0493,RA546996,546996,040,RETRAIT ESPECES CPT 4583420,140.000,
,,,,,,CHQ N. 4583420 du 03/06/2022,,
,,,,,,SAMBA NGOM,,
03/06/2022,02/06/2022,OSN0539,RTGS2110603,019459,529,BISSAU PESCA ET SERVICOS SARL,200.000.000,
,,,,,,BISSAU PESCA ET SERVICOS SARL,,
,,,,,,FACTURE,,
03/06/2022,02/06/2022,OSN0539,RTGS2110603,019459,529,BISSAU PESCA ET SERVICOS SARL,29.250,
07/06/2022,07/06/2022,OSN0493,RA550532,550532,040,RETRAIT ESPECES CPT 4583421,2.000.000,
,,,,,,CHQ N. 4583421 du 07/06/2022,,
,,,,,,NDYE MAREME NDIAYE,,
07/06/2022,07/06/2022,OSN0528,RE002551670,551670,040,RETRAIT ESPECES CPT 4583422,25.000.000,
,,,,,,CHQ N. 4583422 du 07/06/2022,,
,,,,,,SORY DAMBA,,
07/06/2022,03/06/2022,OSN0093,FS809104259,104259,809,FRAIS DE SERVICE E-BANKING,7.020,
,,,,,,Frais de souscription Ora@net,,
08/06/2022,10/06/2022,OSN0074,VR001026784,026784,T15,RAPATRIEMENT DE DEVISES,,24.753.193
,,,,,,TR422004897 ord. LIN SHON,,
,,,,,,"SHIPPING (LSO 2013) L 37736,00",,
,,,,,,EUR,,
,,,,,,ACOMPTE 375/EX/2022,,
13/06/2022,10/06/2022,OSN0421,QA002013266,013266,410,SAISIE MISE A DISPO CLIENT ORA,300.000,
13/06/2022,10/06/2022,OSN0421,QA002013266,013266,410,SAISIE MISE A DISPO CLIENT ORA,17.550,
14/06/2022,14/06/2022,OSN0493,RA562823,562823,040,RETRAIT ESPECES CPT 4583423,140.000,
,,,,,,CHQ N. 4583423 du 14/06/2022,,
,,,,,,SAMBA NGOM,,
14/06/2022,16/06/2022,OSN0074,VR001027013,027013,T15,RAPATRIEMENT DE DEVISES,,65.507.802
,,,,,,TR422005141 ord. OCEANFISH,,
,,,,,,"TRADING SOCIEDAD LIM 99866,00",,
,,,,,,EUR,,
,,,,,,Avance proforma,,
15/06/2022,15/06/2022,OSN0476,RE002564053,564053,040,RETRAIT ESPECES CPT 4583425,2.500.000,
,,,,,,CHQ N. 4583425 du 15/06/2022,,
,,,,,,PAPA COUMBA NDOFFENE DIOUF,,
16/06/2022,16/06/2022,OSN0447,OD048477,291860,007,REEDITION DE PIN,5.850,
16/06/2022,15/06/2022,OSN0528,QA002013325,013325,410,SAISIE MISE A DISPO CLIENT ORA,3.000.000,
16/06/2022,15/06/2022,OSN0528,QA002013325,013325,410,SAISIE MISE A DISPO CLIENT ORA,17.550,
16/06/2022,15/06/2022,OSN0180,RC654001,060778,420,REMISE CHQ INTERNE 4583426,10.000.000,
16/06/2022,15/06/2022,OSN0393,RTGS2110616,019800,529,BISSAU PESCA SERVICOS SARL,65.000.000,
,,,,,,BISSAU PESCA SERVICOS SARL,,
,,,,,,FACTURE 034/22,,
16/06/2022,15/06/2022,OSN0393,RTGS2110616,019800,529,BISSAU PESCA SERVICOS SARL,29.250,
22/06/2022,22/06/2022,OSN0493,RA573527,573527,040,RETRAIT ESPECES CPT 4583427,2.100.000,
,,,,,,CHQ N. 4583427 du 22/06/2022,,
,,,,,,MAURIZIO TIBONI,,
24/06/2022,24/06/2022,OSN0493,RA575845,575845,040,RETRAIT ESPECES CPT 4583430,140.000,
,,,,,,CHQ N. 4583430 du 24/06/2022,,
,,,,,,SAMBA NGOM,,
24/06/2022,24/06/2022,OSN0446,RA576769,576769,040,RETRAIT ESPECES CPT 4583432,4.295.000,
,,,,,,CHQ N. 4583432 du 24/06/2022,,
,,,,,,MAME MBAYE FALL,,
24/06/2022,23/06/2022,OSN0449,QA002013432,013432,410,SAISIE MISE A DISPO CLIENT ORA,2.500.000,
24/06/2022,23/06/2022,OSN0449,QA002013432,013432,410,SAISIE MISE A DISPO CLIENT ORA,17.550,
27/06/2022,27/06/2022,OSN0094,VE001132804,132804,050,VERSEMENT ESPECE CPT COURANT,,4.004.800
,,,,,,Versement espèce du 27/06/2022,,
,,,,,,PAPA COUMBA NDOFFENE DIOUF,,
28/06/2022,27/06/2022,SCPM,CR543232,543232,423,CHQ RECU COMPENSE 4583429,53.000,
,,,,,,Chq OCI n. 4583429,,
30/06/2022,30/06/2022,OSN0377,FS028130433,130433,028,FRAIS TENUE CPT ETS,17.550,
30/06/2022,30/06/2022,OSN0493,RA584954,584954,040,RETRAIT ESPECES CPT 4583433,3.000.000,
,,,,,,CHQ N. 4583433 du 30/06/2022,,
,,,,,,MBAYE BABOU,,
30/06/2022,30/06/2022,OSN0493,RA586076,586076,040,RETRAIT ESPECES CPT 4583434,3.000.000,
,,,,,,CHQ N. 4583434 du 30/06/2022,,
,,,,,,MAME MBAYE FALL,,
30/06/2022,30/06/2022,OSN0280,VE001137910,137910,050,VERSEMENT ESPECE CPT COURANT,,4.339.800
,,,,,,Versement espèce du 30/06/2022,,
,,,,,,PAPA NDOFFENE DIOUF /778852624,,
30/06/2022,01/07/2022,AUTO,AG164645,164645,250,AGIOS DU 01/06/22 AU 30/06/22,433.998,
01/07/2022,01/07/2022,OSN0446,RA589347,589347,040,RETRAIT ESPECES CPT 4583437,7.940.000,
,,,,,,CHQ N. 4583437 du 01/07/2022,,
,,,,,,MASSE NDONG,,
01/07/2022,05/07/2022,OSN0074,VR001027598,027598,T15,RAPATRIEMENT DE DEVISES,,196.699.202
,,,,,,TR422005765 ord. OCEANFISH,,
,,,,,,"TRADING SOCIEDAD LIM 299866,00",,
,,,,,,EU,,
,,,,,,AVANCE PROFORMA,,
04/07/2022,04/07/2022,OSN0493,RA589892,589892,040,RETRAIT ESPECES CPT 4583438,4.100.000,
,,,,,,CHQ N. 4583438 du 04/07/2022,,
,,,,,,ANDREA TINALLI,,
04/07/2022,04/07/2022,OSN0449,VE001141214,141214,050,VERSEMENT ESPECE CPT COURANT,,5.000.000
,,,,,,Versement espèce du 04/07/2022,,
,,,,,,PAPA COUMBA NDOFFENE DIOUF,,
04/07/2022,01/07/2022,OSN0216,RC657614,062045,420,REMISE CHQ INTERNE 4583435,20.000.000,
04/07/2022,01/07/2022,OSN0216,RC657268,062138,420,REMISE CHQ INTERNE 4583440,10.000.000,
04/07/2022,01/07/2022,OSN0179,RTGS2110704,020292,529,BISSAU PESCA ET SERVICOS SARL,160.000.000,
,,,,,,BISSAU PESCA ET SERVICOS SARL,,
,,,,,,FACTURE,,
04/07/2022,01/07/2022,OSN0179,RTGS2110704,020292,529,BISSAU PESCA ET SERVICOS SARL,29.250,
06/07/2022,06/07/2022,OSN0493,RA595584,595584,040,RETRAIT ESPECES CPT 4583439,100.000,
,,,,,,CHQ N. 4583439 du 06/07/2022,,
,,,,,,SAMBA NGOM,,
06/07/2022,05/07/2022,OSN0216,RC656476,062361,420,REMISE CHQ INTERNE 4583443,400.000,
06/07/2022,05/07/2022,OSN0216,RC657616,062379,420,REMISE CHQ INTERNE 4583442,5.000.000,
06/07/2022,05/07/2022,OSN0216,RC657617,062380,420,REMISE CHQ INTERNE 4583441,10.000.000,
06/07/2022,05/07/2022,OSN0093,FS809106804,106804,809,FRAIS DE SERVICE E-BANKING,7.020,
,,,,,,Frais de souscription Ora@net,,
06/07/2022,08/07/2022,OSN0074,VR001027743,027743,T15,RAPATRIEMENT DE DEVISES,,19.590.812
,,,,,,TR422005924 ord. OCEANFISH,,
,,,,,,"TRADING SOCIEDAD LIM 29866,00",,
,,,,,,EUR,,
,,,,,,AVANCE PROFORMA,,
15/07/2022,14/07/2022,OSN0449,QA002013770,013770,410,SAISIE MISE A DISPO CLIENT ORA,645.000,
15/07/2022,14/07/2022,OSN0449,QA002013770,013770,410,SAISIE MISE A DISPO CLIENT ORA,17.550,
18/07/2022,15/07/2022,OSN0093,VS100027686,027686,453,VIREMENT AUTRE AGENC,5.300.000,
,,,,,,Virmt fav. AHG HOLDING SARL,,
,,,,,,FACTURE,,
18/07/2022,15/07/2022,OSN0393,RTGS2110718,020689,529,BISSAU PESCA & SERVICOS SARL,80.000.000,
,,,,,,BISSAU PESCA & SERVICOS SARL,,
,,,,,,FACTURE,,
18/07/2022,15/07/2022,OSN0393,RTGS2110718,020689,529,BISSAU PESCA & SERVICOS SARL,29.250,
18/07/2022,20/07/2022,OSN0546,VR001028044,028044,T15,RAPATRIEMENT DE DEVISES,,98.305.652
,,,,,,TR422006247 ord. OCEANFISH,,
,,,,,,"TRADING SOCIEDAD LIM 149866,00",,
,,,,,,EU,,
,,,,,,AVANCE PROFORMA,,
20/07/2022,19/07/2022,OSN0093,VB115051438,051438,454,KANNA INTERNATIONAL SENEGAL,2.235.000,
,,,,,,Virmt fav. KANNA INTERNATIONAL,,
,,,,,,SENEGAL,,
,,,,,,FACTURES N°17129,,
20/07/2022,19/07/2022,OSN0093,VB115051438,051438,454,KANNA INTERNATIONAL SENEGAL,5.850,
20/07/2022,19/07/2022,OSN0093,VB115051439,051439,454,KANNA INTERNATIONAL SENEGAL,3.077.000,
,,,,,,Virmt fav. KANNA INTERNATIONAL,,
,,,,,,SENEGAL,,
,,,,,,FACTURES N°17128,,
20/07/2022,19/07/2022,OSN0093,VB115051439,051439,454,KANNA INTERNATIONAL SENEGAL,5.850,
20/07/2022,19/07/2022,OSN0093,VB115051440,051440,454,KANNA INTERNATIONAL SENEGAL,2.239.000,
,,,,,,Virmt fav. KANNA INTERNATIONAL,,
,,,,,,SENEGAL,,
,,,,,,FACTURES N°17074,,
20/07/2022,19/07/2022,OSN0093,VB115051440,051440,454,KANNA INTERNATIONAL SENEGAL,5.850,
21/07/2022,20/07/2022,OSN0528,QA002013844,013844,410,SAISIE MISE A DISPO CLIENT ORA,10.000.000,
21/07/2022,20/07/2022,OSN0528,QA002013844,013844,410,SAISIE MISE A DISPO CLIENT ORA,17.550,
22/07/2022,21/07/2022,OSN0449,QA002013864,013864,410,SAISIE MISE A DISPO CLIENT ORA,25.000.000,
22/07/2022,21/07/2022,OSN0449,QA002013864,013864,410,SAISIE MISE A DISPO CLIENT ORA,17.550,
22/07/2022,21/07/2022,OSN0528,QA002013866,013866,410,SAISIE MISE A DISPO CLIENT ORA,1.000.000,
22/07/2022,21/07/2022,OSN0528,QA002013866,013866,410,SAISIE MISE A DISPO CLIENT ORA,17.550,
22/07/2022,21/07/2022,OSN0449,QA002013876,013876,410,SAISIE MISE A DISPO CLIENT ORA,10.000.000,
22/07/2022,21/07/2022,OSN0449,QA002013876,013876,410,SAISIE MISE A DISPO CLIENT ORA,17.550,
22/07/2022,26/07/2022,OSN0545,VR001028158,028158,T15,RAPATRIEMENT DE DEVISES,,78.626.942
,,,,,,TR422006374 ord. OCEANFISH,,
,,,,,,"TRADING SOCIEDAD LIM 119866,00",,
,,,,,,EU,,
,,,,,,AVANCE PROFORMA,,
25/07/2022,19/07/2022,OSN0502,DO002001969,001969,M05,FRA/COM/TA 700/EX/202,11.700,
25/07/2022,19/07/2022,OSN0502,DO002001970,001970,M05,FRA/COM/TA 699/EX/202,11.700,
25/07/2022,19/07/2022,OSN0502,DO002001993,001993,M05,FRA/COM/TA 702/EX/202,11.700,
26/07/2022,25/07/2022,OSN0528,QA002013923,013923,410,SAISIE MISE A DISPO CLIENT ORA,25.000.000,
26/07/2022,25/07/2022,OSN0528,QA002013923,013923,410,SAISIE MISE A DISPO CLIENT ORA,17.550,
27/07/2022,29/07/2022,OSN0545,VR001028311,028311,T15,RAPATRIEMENT DE DEVISES,,78.626.942
,,,,,,TR422006545 ord. OCEANFISH,,
,,,,,,"TRADING SOCIEDAD LIM 119866,00",,
,,,,,,EU,,
,,,,,,AVANCE PROFORMA,,
28/07/2022,27/07/2022,OSN0510,VS100027916,027916,453,VIREMENT AUTRE AGENC,58.225.000,
,,,,,,Virmt fav. PETROSEN TRADING &,,
,,,,,,SERVICES SA,,
,,,,,,FACT PRO FORMA PTS 0189 0722,,
28/07/2022,27/07/2022,OSN0560,DO002002461,002461,M05,FRA/COM/TA 863/EX/202,11.700,
28/07/2022,27/07/2022,OSN0560,DO002002463,002463,M05,FRA/COM/TA 864/EX/202,11.700,
28/07/2022,27/07/2022,OSN0560,DO002002469,002469,M05,FRA/COM/TA 869/EX/202,11.700,
28/07/2022,27/07/2022,OSN0560,DO002002470,002470,M05,FRA/COM/TA 870/EX/202,11.700,
29/07/2022,29/07/2022,OSN0377,FS028132443,132443,028,FRAIS TENUE CPT ETS,17.550,
29/07/2022,01/08/2022,AUTO,AG167967,167967,250,AGIOS DU 01/07/22 AU 31/07/22,717.211,
01/08/2022,01/08/2022,OSN0349,RA625512,625512,040,RETRAIT ESPECES CPT 4583448,5.000.000,
,,,,,,CHQ N. 4583448 du 01/08/2022,,
,,,,,,TACKO NDJIM,,
01/08/2022,29/07/2022,SCPM,CR558934,558934,423,CHQ RECU COMPENSE 4583446,5.134.798,
,,,,,,Chq OCI n. 4583446,,
01/08/2022,28/07/2022,OSN0560,DO002002574,002574,M05,FRA/COM/TA 938/EX/202,11.700,
01/08/2022,28/07/2022,OSN0560,DO002002575,002575,M05,FRA/COM/TA 939/EX/202,11.700,
01/08/2022,28/07/2022,OSN0560,DO002002581,002581,M05,FRA/COM/TA 945/EX/202,11.700,
01/08/2022,28/07/2022,OSN0560,DO002002582,002582,M05,FRA/COM/TA 946/EX/202,11.700,
01/08/2022,28/07/2022,OSN0502,DO002002658,002658,M05,FRA/COM/TA 1130/EX/20,11.700,
01/08/2022,28/07/2022,OSN0502,DO002002659,002659,M05,FRA/COM/TA 1131/EX/20,11.700,
01/08/2022,28/07/2022,OSN0502,DO002002660,002660,M05,FRA/COM/TA 1132/EX/20,11.700,
01/08/2022,03/08/2022,OSN0074,VR001028437,028437,T15,RAPATRIEMENT DE DEVISES,,98.305.652
,,,,,,TR422006682 ord. OCEANFISH,,
,,,,,,"TRADING SOCIEDAD LIM 149866,00",,
,,,,,,EU,,
,,,,,,AVANCE PROFORMA,,
03/08/2022,02/08/2022,OSN0510,RTGS2110803,021107,529,BISSAU PESCA & SERVICOS SARL,86.185.000,
,,,,,,BISSAU PESCA & SERVICOS SARL,,
,,,,,,FACTURE,,
03/08/2022,02/08/2022,OSN0510,RTGS2110803,021107,529,BISSAU PESCA & SERVICOS SARL,29.250,
03/08/2022,02/08/2022,OSN0416,RRCMO114392,114392,959,RETRAIT GAB GIM 1,100.000,
,,,,,,499198******1974 29/07-00H00,,
,,,,,,59700018 627937,,
03/08/2022,02/08/2022,OSN0416,RRCMO114392,114392,959,RETRAIT GAB GIM 1,500,
03/08/2022,03/08/2022,UDAB,OETMO487950,487950,960,RETRAIT GAB 487950,200.000,
03/08/2022,01/08/2022,OSN0560,DO002002686,002686,M05,FRA/COM/TA 765/EX/202,11.700,
04/08/2022,04/08/2022,OSN0446,RA631964,631964,040,RETRAIT ESPECES CPT 4583449,15.000.000,
,,,,,,CHQ N. 4583449 du 04/08/2022,,
,,,,,,MODOU ROKHAYA NGOM,,
08/08/2022,08/08/2022,OSN0446,RA636528,636528,040,RETRAIT ESPECES CPT 4583450,1.918.180,
,,,,,,CHQ N. 4583450 du 08/08/2022,,
,,,,,,MODOU ROKHAYA NGOM,,
08/08/2022,05/08/2022,OSN0449,QA002014133,014133,410,SAISIE MISE A DISPO CLIENT ORA,930.000,
08/08/2022,05/08/2022,OSN0449,QA002014133,014133,410,SAISIE MISE A DISPO CLIENT ORA,17.550,
08/08/2022,05/08/2022,OSN0093,FS809109252,109252,809,FRAIS DE SERVICE E-BANKING,7.020,
,,,,,,Frais de souscription Ora@net,,
10/08/2022,08/08/2022,OSN0093,VS100028238,028238,453,VIREMENT AUTRE AGENC,1.500.000,
,,,,,,Virmt fav. AHG HOLDING SARL,,
,,,,,,FRAIS QUITTANCE PORT,,
10/08/2022,08/08/2022,OSN0093,VB115052616,052616,454,KANNA INTERNATIONAL SENEGAL,12.777.000,
,,,,,,Virmt fav. KANNA INTERNATIONAL,,
,,,,,,SENEGAL,,
,,,,,,FACTURE N°16633,,
10/08/2022,08/08/2022,OSN0093,VB115052616,052616,454,KANNA INTERNATIONAL SENEGAL,5.850,
10/08/2022,09/08/2022,OSN0416,RRCMO115942,115942,959,RETRAIT GAB GIM 1,200.000,
,,,,,,499198******1974 05/08-00H00,,
,,,,,,10009003 489290,,
10/08/2022,09/08/2022,OSN0416,RRCMO115942,115942,959,RETRAIT GAB GIM 1,500,
10/08/2022,09/08/2022,OSN0416,RRCMO115943,115943,959,RETRAIT GAB GIM 1,400.000,
,,,,,,499198******1974 05/08-00H00,,
,,,,,,10009003 489288,,
10/08/2022,09/08/2022,OSN0416,RRCMO115943,115943,959,RETRAIT GAB GIM 1,500,
10/08/2022,09/08/2022,OSN0416,RRCMO115944,115944,959,RETRAIT GAB GIM 1,400.000,
,,,,,,499198******1974 06/08-00H00,,
,,,,,,10009003 263553,,
10/08/2022,09/08/2022,OSN0416,RRCMO115944,115944,959,RETRAIT GAB GIM 1,500,
10/08/2022,08/08/2022,OSN0416,PRCMO055272,055272,968,ACHAT EMISSION VISA 1,759.322,
10/08/2022,12/08/2022,OSN0074,VR001028676,028676,T15,RAPATRIEMENT DE DEVISES,,98.305.652
,,,,,,TR422006941 ord. OCEANFISH,,
,,,,,,"TRADING SOCIEDAD LIM 149866,00",,
,,,,,,EU,,
,,,,,,AVANCE PROFORMA,,
11/08/2022,10/08/2022,OSN0179,RTGS2110811,021272,529,OLA ENERGY SENEGAL,59.400.000,
,,,,,,OLA ENERGY SENEGAL,,
,,,,,,FACTURE PRO FORMA N°090822,,
11/08/2022,10/08/2022,OSN0179,RTGS2110811,021272,529,OLA ENERGY SENEGAL,29.250,
12/08/2022,11/08/2022,OSN0216,RC657665,065196,420,REMISE CHQ INTERNE 4583453,3.000.000,
12/08/2022,11/08/2022,OSN0216,RC155661,065197,420,REMISE CHQ INTERNE 4583451,1.000.000,
16/08/2022,12/08/2022,OSN0167,RC649533,065220,420,REMISE CHQ INTERNE 4583456,20.000.000,
16/08/2022,12/08/2022,OSN0167,RC649533,065221,420,REMISE CHQ INTERNE 4583454,1.900.000,
16/08/2022,12/08/2022,OSN0167,RC649533,065222,420,REMISE CHQ INTERNE 4583455,3.200.000,
18/08/2022,17/08/2022,OSN0528,QA002014239,014239,410,SAISIE MISE A DISPO CLIENT ORA,2.647.000,
18/08/2022,17/08/2022,OSN0528,QA002014239,014239,410,SAISIE MISE A DISPO CLIENT ORA,17.550,
19/08/2022,17/08/2022,OSN0560,DO002002750,002750,M05,FRA/COM/TA 820/EX/202,11.700,
24/08/2022,23/08/2022,OSN0561,DO002002768,002768,M05,FRA/COM/TA 839/EX/202,11.700,
26/08/2022,26/08/2022,OSN0371,FF056142,056142,128,FRAIS DE FORCAGE 56142,399.929,
26/08/2022,25/08/2022,SCPM,CR569767,569767,423,CHQ RECU COMPENSE 4583444,34.182.000,
,,,,,,Chq OCI n. 4583444,,
26/08/2022,30/08/2022,OSN0074,VR001029139,029139,T15,RAPATRIEMENT DE DEVISES,,3.936.070
,,,,,,TR422007442 ord. DAGAT HAARETZ,,
,,,,,,"AGRICULTURE 6000,50 EUR",,
,,,,,,INV:FRE2208101 DATE,,
,,,,,,12/08/22,,
26/08/2022,30/08/2022,OSN0502,VR001029157,029157,T15,RAPATRIEMENT DE DEVISES,,65.507.802
,,,,,,TR422007460 ord. OCEANFISH,,
,,,,,,"TRADING SOCIEDAD LIM 99866,00",,
,,,,,,EUR,,
,,,,,,SIN CONCEPTO ASOCIADO,,
29/08/2022,29/08/2022,OSN0359,VE001192978,192978,050,VERSEMENT ESPECE CPT COURANT,,24.999.800
,,,,,,Versement espèce du 29/08/2022,,
,,,,,,CHEIKH DIENG,,
30/08/2022,29/08/2022,OSN0222,RTGS2110830,021718,529,BISSAU PESCA ET SERVICOS SARL,65.000.000,
,,,,,,BISSAU PESCA ET SERVICOS SARL,,
,,,,,,FACTURE,,
30/08/2022,29/08/2022,OSN0222,RTGS2110830,021718,529,BISSAU PESCA ET SERVICOS SARL,29.250,
31/08/2022,31/08/2022,OSN0377,FS028134431,134431,028,FRAIS TENUE CPT ETS,17.550,
31/08/2022,01/09/2022,AUTO,AG169826,169826,250,AGIOS DU 01/08/22 AU 31/08/22,147.688,
06/09/2022,05/09/2022,OSN0093,FS809111720,111720,809,FRAIS DE SERVICE E-BANKING,7.020,
,,,,,,Frais de souscription Ora@net,,
06/09/2022,08/09/2022,OSN0502,VR001029422,029422,T15,RAPATRIEMENT DE DEVISES,,5.839.329
,,,,,,TR422007759 ord. DAGAT HAARETZ,,
,,,,,,"AGRICULTURE 8902,00 EUR",,
,,,,,,INV:FRE2208102 DATE,,
,,,,,,26/08/22,,
07/09/2022,06/09/2022,OSN0493,QA002014599,014599,410,SAISIE MISE A DISPO CLIENT ORA,5.500.000,
07/09/2022,06/09/2022,OSN0493,QA002014599,014599,410,SAISIE MISE A DISPO CLIENT ORA,17.550,
09/09/2022,08/09/2022,OSN0093,VS100029058,029058,453,VIREMENT AUTRE AGENC,25.000.000,
,,,,,,Virmt fav. AHG HOLDING SARL,,
,,,,,,REMBOURSEMENT PRET,,
09/09/2022,13/09/2022,OSN0502,VR001029562,029562,T15,RAPATRIEMENT DE DEVISES,,32.709.952
,,,,,,TR422007906 ord. OCEANFISH,,
,,,,,,"TRADING SOCIEDAD LIM 49866,00",,
,,,,,,EUR,,
,,,,,,AVANCE PROFORMA,,
14/09/2022,13/09/2022,OSN0384,QA002014736,014736,410,SAISIE MISE A DISPO CLIENT ORA,1.116.500,
14/09/2022,13/09/2022,OSN0384,QA002014736,014736,410,SAISIE MISE A DISPO CLIENT ORA,17.550,
19/09/2022,16/09/2022,OSN0062,FS103002220,002220,103,ABONNEMENT CARTE VIS,81.900,
,,,,,,Abonnement carte visa business,,
19/09/2022,16/09/2022,OSN0446,VC100033942,033942,450,VIREMENT NOS CAISSES,13.000.000,
,,,,,,Virmt fav. LA PIROGUE BLEUE,,
,,,,,,SARL,,
,,,,,,FACTURES POISSON FRAIS,,
20/09/2022,19/09/2022,OSN0493,QA002014791,014791,410,SAISIE MISE A DISPO CLIENT ORA,1.000.000,
20/09/2022,19/09/2022,OSN0493,QA002014791,014791,410,SAISIE MISE A DISPO CLIENT ORA,17.550,
21/09/2022,23/09/2022,OSN0502,VR001029889,029889,T15,RAPATRIEMENT DE DEVISES,,4.965.168
,,,,,,TR422008261 ord. DAGAT HAARETZ,,
,,,,,,"AGRICULTURE 7569,35 EUR",,
,,,,,,INV:FRE2209101 DATE,,
,,,,,,05/09/22,,
21/09/2022,23/09/2022,OSN0502,VR001029890,029890,T15,RAPATRIEMENT DE DEVISES,,3.531.672
,,,,,,TR422008262 ord. DAGAT HAARETZ,,
,,,,,,"AGRICULTURE 5384,00 EUR",,
,,,,,,INV:FRE2208103 DATE,,
,,,,,,29/08/22,,
22/09/2022,26/09/2022,OSN0502,VR001029930,029930,T15,RAPATRIEMENT DE DEVISES,,8.121.404
,,,,,,TR422008303 ord. DAGAT HAARETZ,,
,,,,,,"AGRICULTURE 12381,00 EUR",,
,,,,,,INV:FRE2209103 DATE,,
,,,,,,12/09/22,,
22/09/2022,26/09/2022,OSN0502,VR001029931,029931,T15,RAPATRIEMENT DE DEVISES,,7.847.082
,,,,,,TR422008304 ord. DAGAT HAARETZ,,
,,,,,,"AGRICULTURE 11962,80 EUR",,
,,,,,,INV:FRE2209102 DATE,,
,,,,,,09/09/22,,
23/09/2022,27/09/2022,OSN0502,VR001029983,029983,T15,RAPATRIEMENT DE DEVISES,,163.901.352
,,,,,,TR422008365 ord. OCEANFISH,,
,,,,,,"TRADING SOCIEDAD LIM 249866,00",,
,,,,,,EU,,
,,,,,,AVANCE PROFORMA,,
26/09/2022,23/09/2022,OSN0528,QA002014894,014894,410,SAISIE MISE A DISPO CLIENT ORA,20.000.000,
26/09/2022,23/09/2022,OSN0528,QA002014894,014894,410,SAISIE MISE A DISPO CLIENT ORA,17.550,
26/09/2022,23/09/2022,OSN0446,VC100034169,034169,450,VIREMENT NOS CAISSES,16.462.000,
,,,,,,Virmt fav. LA PIROGUE BLEUE,,
,,,,,,SARL,,
,,,,,,FACT POISSON INV 00022 INV0026,,
27/09/2022,26/09/2022,OSN0528,QA002014922,014922,410,SAISIE MISE A DISPO CLIENT ORA,26.000.000,
27/09/2022,26/09/2022,OSN0528,QA002014922,014922,410,SAISIE MISE A DISPO CLIENT ORA,17.550,
29/09/2022,28/09/2022,OSN0449,QA002014957,014957,410,SAISIE MISE A DISPO CLIENT ORA,26.080.000,
29/09/2022,28/09/2022,OSN0449,QA002014957,014957,410,SAISIE MISE A DISPO CLIENT ORA,17.550,
29/09/2022,28/09/2022,OSN0446,VB115055609,055609,454,BOLLORE AFRICA LOGISTICS SENEG,15.285.000,
,,,,,,Virmt fav. BOLLORE AFRICA,,
,,,,,,LOGISTICS SENEG,,
,,,,,,VIR FACTURES,,
29/09/2022,28/09/2022,OSN0446,VB115055609,055609,454,BOLLORE AFRICA LOGISTICS SENEG,5.850,
29/09/2022,28/09/2022,OSN0446,VB120006718,006718,485,BISSAU PRESCA ET SERVICOS,37.000.000,
,,,,,,Virmt fav. BISSAU PRESCA ET,,
,,,,,,SERVICOS,,
,,,,,,REGL FACTURES,,
29/09/2022,28/09/2022,OSN0446,VB120006718,006718,485,BISSAU PRESCA ET SERVICOS,11.700,
29/09/2022,28/09/2022,OSN0307,RTGS2110929,022420,529,OLA ENERGY SENEGAL,91.280.000,
,,,,,,OLA ENERGY SENEGAL,,
,,,,,,CARBURANT UMAYA BACALAM,,
29/09/2022,28/09/2022,OSN0307,RTGS2110929,022420,529,OLA ENERGY SENEGAL,29.250,
29/09/2022,03/10/2022,OSN0502,VR001030177,030177,T15,RAPATRIEMENT DE DEVISES,,131.103.502
,,,,,,TR422008574 ord. OCEANFISH,,
,,,,,,"TRADING SOCIEDAD LIM 199866,00",,
,,,,,,EU,,
,,,,,,AVANCE PROFORMA,,
30/09/2022,30/09/2022,OSN0377,FS028136495,136495,028,FRAIS TENUE CPT ETS,17.550,
30/09/2022,01/10/2022,AUTO,AG171839,171839,250,AGIOS DU 01/09/22 AU 30/09/22,166.628,
30/09/2022,29/09/2022,OSN0446,VB115055656,055656,454,KANNA INTERNATIONAL SENEGAL,13.682.871,
,,,,,,Virmt fav. KANNA INTERNATIONAL,,
,,,,,,SENEGAL,,
,,,,,,FACTURES 17162 183 192,,
30/09/2022,29/09/2022,OSN0446,VB115055656,055656,454,KANNA INTERNATIONAL SENEGAL,5.850,
03/10/2022,30/09/2022,OSN0501,QA002015035,015035,410,SAISIE MISE A DISPO CLIENT ORA,150.000,
03/10/2022,30/09/2022,OSN0501,QA002015035,015035,410,SAISIE MISE A DISPO CLIENT ORA,17.550,
03/10/2022,05/10/2022,OSN0502,VR001030285,030285,T15,RAPATRIEMENT DE DEVISES,,18.484.258
,,,,,,TR422008689 ord. DAGAT HAARETZ,,
,,,,,,"AGRICULTURE 28179,07 EUR",,
,,,,,,INV:FRE2209104 DATE,,
,,,,,,16/09/22,,
04/10/2022,03/10/2022,OSN0446,VB115055819,055819,454,KANNA INTERNATIONAL SENEGAL,7.134.388,
,,,,,,Virmt fav. KANNA INTERNATIONAL,,
,,,,,,SENEGAL,,
,,,,,,FACTURE 17186,,
04/10/2022,03/10/2022,OSN0446,VB115055819,055819,454,KANNA INTERNATIONAL SENEGAL,5.850,
06/10/2022,05/10/2022,OSN0093,FS809114228,114228,809,FRAIS DE SERVICE E-BANKING,7.020,
,,,,,,Frais de souscription Ora@net,,
12/10/2022,11/10/2022,OSN0307,RTGS2101012,004497,462,BISSAU PESCA SERVICOS SARL,60.000.000,
,,,,,,Virmt fav. BISSAU PESCA,,
,,,,,,SERVICOS SARL,,
,,,,,,FACTURE,,
12/10/2022,11/10/2022,OSN0307,RTGS2101012,004497,462,BISSAU PESCA SERVICOS SARL,17.550,
14/10/2022,13/10/2022,OSN0446,VC100035014,035014,450,VIREMENT NOS CAISSES,5.909.893,
,,,,,,Virmt fav. LA PIROGUE BLEUE,,
,,,,,,SARL,,
,,,,,,FACTURES POISSONS FRAIS,,
14/10/2022,13/10/2022,OSN0446,VC100035016,035016,450,VIREMENT NOS CAISSES,5.000.000,
,,,,,,Virmt fav. LA PIROGUE BLEUE,,
,,,,,,SARL,,
,,,,,,FACT POISSONS AVANCE ENVOIE 17,,
19/10/2022,18/10/2022,OSN0446,VS100030106,030106,453,VIREMENT AUTRE AGENC,8.000.000,
,,,,,,Virmt fav. AHG HOLDING SARL,,
,,,,,,AVANCE PRESTATIONS,,
27/10/2022,26/10/2022,OSN0560,DO002002986,002986,M05,FRA/COM/TA 1019/EX/20,11.700,
28/10/2022,27/10/2022,OSN0560,DO002002992,002992,M05,FRA/COM/TA 1025/EX/20,11.700,
31/10/2022,31/10/2022,OSN0377,FS028138932,138932,028,FRAIS TENUE CPT ETS,17.550,
31/10/2022,01/11/2022,AUTO,AG173882,173882,250,AGIOS DU 01/10/22 AU 31/10/22,54.363,
07/11/2022,04/11/2022,OSN0093,FS809116693,116693,809,FRAIS DE SERVICE E-BANKING,7.020,
,,,,,,Frais de souscription Ora@net,,
09/11/2022,08/11/2022,OSN0528,QA002015605,015605,410,SAISIE MISE A DISPO CLIENT ORA,1.857.500,
09/11/2022,08/11/2022,OSN0528,QA002015605,015605,410,SAISIE MISE A DISPO CLIENT ORA,17.550,
10/11/2022,09/11/2022,OSN0350,QA002015616,015616,410,SAISIE MISE A DISPO CLIENT ORA,300.000,
10/11/2022,09/11/2022,OSN0350,QA002015616,015616,410,SAISIE MISE A DISPO CLIENT ORA,17.550,
10/11/2022,14/11/2022,OSN0074,VR001031549,031549,T15,RAPATRIEMENT DE DEVISES,,4.489.665
,,,,,,TR422010060 ord. DAGAT HAARETZ,,
,,,,,,"AGRICULTURE 6844,45 EUR",,
,,,,,,INV:FRE2210102 DATE,,
,,,,,,24/10/22,,
16/11/2022,15/11/2022,OSN0539,RTGS2111116,023703,529,KANNA INTERNATIONAL SENEGAL,11.708.086,
,,,,,,KANNA INTERNATIONAL SENEGAL,,
,,,,,,FACTURE 17244 ET 17247,,
16/11/2022,15/11/2022,OSN0539,RTGS2111116,023703,529,KANNA INTERNATIONAL SENEGAL,29.250,
16/11/2022,18/11/2022,OSN0074,VR001031751,031751,T15,RAPATRIEMENT DE DEVISES,,3.472.341
,,,,,,TR422010276 ord. DAGAT HAARETZ,,
,,,,,,"AGRICULTURE 5293,55 EUR",,
,,,,,,INV:-CN2209105 DATE,,
,,,,,,02/10/22,,
22/11/2022,24/11/2022,OSN0074,VR001031918,031918,T15,RAPATRIEMENT DE DEVISES,,65.507.802
,,,,,,TR422010454 ord. OCEANFISH,,
,,,,,,"TRADING SOCIEDAD LIM 99866,00",,
,,,,,,EUR,,
,,,,,,AVANCE PROFORMA,,
23/11/2022,22/11/2022,OSN0446,VC100036655,036655,450,VIREMENT NOS CAISSES,50.000.000,
,,,,,,Virmt fav. LA PIROGUE BLEUE,,
,,,,,,SARL,,
,,,,,,VIREMENT,,
24/11/2022,22/11/2022,OSN0560,DO002003064,003064,M05,FRA/COM/TA 1104/EX/20,11.700,
30/11/2022,30/11/2022,OSN0377,FS028141101,141101,028,FRAIS TENUE CPT ETS,17.550,
30/11/2022,01/12/2022,AUTO,AG175998,175998,250,AGIOS DU 01/11/22 AU 30/11/22,49.528,
05/12/2022,02/12/2022,OSN0560,DO002003094,003094,M05,FRA/COM/TA 1130/EX/20,11.700,
06/12/2022,05/12/2022,OSN0586,QA002015993,015993,410,SAISIE MISE A DISPO CLIENT ORA,300.000,
06/12/2022,05/12/2022,OSN0586,QA002015993,015993,410,SAISIE MISE A DISPO CLIENT ORA,17.550,
06/12/2022,05/12/2022,OSN0093,FS809119267,119267,809,FRAIS DE SERVICE E-BANKING,7.020,
,,,,,,Frais de souscription Ora@net,,
07/12/2022,06/12/2022,OSN0564,QA002016025,016025,410,SAISIE MISE A DISPO CLIENT ORA,6.000.000,
07/12/2022,06/12/2022,OSN0564,QA002016025,016025,410,SAISIE MISE A DISPO CLIENT ORA,17.550,
08/12/2022,07/12/2022,OSN0446,VC100037336,037336,450,VIREMENT NOS CAISSES,10.000.000,
,,,,,,Virmt fav. LA PIROGUE BLEUE,,
,,,,,,SARL,,
,,,,,,VIREMENT,,
13/12/2022,12/12/2022,OSN0560,DO002003127,003127,M05,FRA/COM/TA 1163/EX/20,11.700,
13/12/2022,12/12/2022,OSN0560,DO002003129,003129,M05,FRA/COM/TA 1165/EX/20,11.700,
21/12/2022,20/12/2022,OSN0449,QA002016310,016310,410,SAISIE MISE A DISPO CLIENT ORA,100.000,
21/12/2022,20/12/2022,OSN0449,QA002016310,016310,410,SAISIE MISE A DISPO CLIENT ORA,17.550,
22/12/2022,26/12/2022,OSN0074,VR001032932,032932,T15,RAPATRIEMENT DE DEVISES,,19.590.812
,,,,,,TR422011534 ord. OCEANFISH,,
,,,,,,"TRADING SOCIEDAD LIM 29866,00",,
,,,,,,EUR,,
,,,,,,AVANCE PROFORMA,,
27/12/2022,23/12/2022,OSN0449,QA002016388,016388,410,SAISIE MISE A DISPO CLIENT ORA,1.887.500,
27/12/2022,23/12/2022,OSN0449,QA002016388,016388,410,SAISIE MISE A DISPO CLIENT ORA,17.550,
27/12/2022,23/12/2022,OSN0332,VB115061189,061189,454,KANNA INTERNATIONAL SENEGAL,14.600.616,
,,,,,,Virmt fav. KANNA INTERNATIONAL,,
,,,,,,SENEGAL,,
,,,,,,SOLDE FACTURES,,
27/12/2022,23/12/2022,OSN0332,VB115061189,061189,454,KANNA INTERNATIONAL SENEGAL,5.850,
28/12/2022,27/12/2022,OSN0528,QA002016440,016440,410,SAISIE MISE A DISPO CLIENT ORA,2.000.000,
28/12/2022,27/12/2022,OSN0528,QA002016440,016440,410,SAISIE MISE A DISPO CLIENT ORA,17.550,
28/12/2022,27/12/2022,OSN0359,QA002016447,016447,410,SAISIE MISE A DISPO CLIENT ORA,300.000,
28/12/2022,27/12/2022,OSN0359,QA002016447,016447,410,SAISIE MISE A DISPO CLIENT ORA,17.550,
30/12/2022,30/12/2022,OSN0377,FS028143271,143271,028,FRAIS TENUE CPT ETS,17.550,
30/12/2022,01/01/2023,AUTO,AG178211,178211,250,AGIOS DU 01/12/22 AU 31/12/22,23.119,
06/01/2023,05/01/2023,OSN0093,FS809121822,121822,809,FRAIS DE SERVICE E-BANKING,7.020,
,,,,,,Frais de souscription Ora@net,,
09/01/2023,06/01/2023,OSN0564,QA002016632,016632,410,SAISIE MISE A DISPO CLIENT ORA,100.000,
09/01/2023,06/01/2023,OSN0564,QA002016632,016632,410,SAISIE MISE A DISPO CLIENT ORA,17.550,
10/01/2023,12/01/2023,OSN0074,VR001033474,033474,T15,RAPATRIEMENT DE DEVISES,,2.177.810
,,,,,,TR423000293 ord. DAGAT HAARETZ,,
,,,,,,"AGRICULTURE 3320,05 EUR",,
,,,,,,TRANSFERT,,
12/01/2023,11/01/2023,OSN0528,QA002016739,016739,410,SAISIE MISE A DISPO CLIENT ORA,2.500.000,
12/01/2023,11/01/2023,OSN0528,QA002016739,016739,410,SAISIE MISE A DISPO CLIENT ORA,17.550,
20/01/2023,19/01/2023,OSN0564,QA002016850,016850,410,SAISIE MISE A DISPO CLIENT ORA,150.000,
20/01/2023,19/01/2023,OSN0564,QA002016850,016850,410,SAISIE MISE A DISPO CLIENT ORA,17.550,
27/01/2023,27/01/2023,,REGUL.DOSSI,,007,FRAISDETIMBRESURDOSSSIERORBUSN,20.000,
27/01/2023,26/01/2023,OSN0528,QA002016943,016943,410,SAISIE MISE A DISPO CLIENT ORA,100.000,
27/01/2023,26/01/2023,OSN0528,QA002016943,016943,410,SAISIE MISE A DISPO CLIENT ORA,17.550,
31/01/2023,31/01/2023,OSN0377,FS028145460,145460,028,FRAIS TENUE CPT ETS,17.550,
31/01/2023,01/02/2023,AUTO,AG182004,182004,250,AGIOS DU 01/01/23 AU 31/01/23,602,
06/02/2023,03/02/2023,OSN0564,QA002017091,017091,410,SAISIE MISE A DISPO CLIENT ORA,100.000,
06/02/2023,03/02/2023,OSN0564,QA002017091,017091,410,SAISIE MISE A DISPO CLIENT ORA,17.550,
06/02/2023,03/02/2023,OSN0093,FS809124253,124253,809,FRAIS DE SERVICE E-BANKING,7.020,
,,,,,,Frais de souscription Ora@net,,
06/02/2023,08/02/2023,OSN0597,VR001034295,034295,T15,RAPATRIEMENT DE DEVISES,,3.396.401
,,,,,,TR423001180 ord. DAGAT HAARETZ,,
,,,,,,"AGRICULTURE 5177,78 EUR",,
,,,,,,INV:FRE2301101 DATE,,
,,,,,,15/01/23,,
15/02/2023,14/02/2023,OSN0528,QA002017263,017263,410,SAISIE MISE A DISPO CLIENT ORA,50.000,
15/02/2023,14/02/2023,OSN0528,QA002017263,017263,410,SAISIE MISE A DISPO CLIENT ORA,17.550,
17/02/2023,16/02/2023,OSN0528,QA002017302,017302,410,SAISIE MISE A DISPO CLIENT ORA,100.000,
17/02/2023,16/02/2023,OSN0528,QA002017302,017302,410,SAISIE MISE A DISPO CLIENT ORA,17.550,
21/02/2023,20/02/2023,OSN0564,QA002017358,017358,410,SAISIE MISE A DISPO CLIENT ORA,3.000.000,
21/02/2023,20/02/2023,OSN0564,QA002017358,017358,410,SAISIE MISE A DISPO CLIENT ORA,17.550,
28/02/2023,28/02/2023,OSN0377,FS028147603,147603,028,FRAIS TENUE CPT ETS,17.550,
28/02/2023,28/02/2023,OSN0528,RE002897393,897393,040,RETRAIT ESPECES CPT 4583458,405.500,
,,,,,,CHQ N. 4583458 du 28/02/2023,,
,,,,,,KHADIM KANE,,
28/02/2023,28/02/2023,OSN0528,RE002897554,897554,040,RETRAIT ESPECES CPT 4583459,1.177.640,
,,,,,,CHQ N. 4583459 du 28/02/2023,,
,,,,,,KHADIM KANE,,
28/02/2023,01/03/2023,AUTO,AG184327,184327,250,AGIOS DU 01/02/23 AU 28/02/23,444,
28/02/2023,02/03/2023,OSN0222,VR001034980,034980,T15,RAPATRIEMENT DE DEVISES,,6.515.621
,,,,,,TR423001917 ord. OCEANFISH,,
,,,,,,"TRADING SOCIEDAD LIM 9933,00",,
,,,,,,EUR,,
,,,,,,AVANCE FACTURAS,,
01/03/2023,28/02/2023,OSN0564,QA002017507,017507,410,SAISIE MISE A DISPO CLIENT ORA,350.000,
01/03/2023,28/02/2023,OSN0564,QA002017507,017507,410,SAISIE MISE A DISPO CLIENT ORA,17.550,
01/03/2023,28/02/2023,SCPM,CR655641,655641,423,CHQ RECU COMPENSE 4583457,2.145.556,
,,,,,,Chq OCI n. 4583457,,
01/03/2023,03/03/2023,OSN0222,VR001035041,035041,T15,RAPATRIEMENT DE DEVISES,,2.612.585
,,,,,,TR423001981 ord. OCEANFISH,,
,,,,,,"LIMITED 3982,86 EUR",,
,,,,,,RPT,,
02/03/2023,01/03/2023,OSN0222,VR001034969,034969,T15,RAPATRIEMENT DE DEVISES,,1.378.369
,,,,,,TR423001906 ord. JAPOFISH S A,,
,,,,,,"2101,31 EUR",,
,,,,,,01,,
06/03/2023,03/03/2023,OSN0093,FS809126826,126826,809,FRAIS DE SERVICE E-BANKING,7.020,
,,,,,,Frais de souscription Ora@net,,
08/03/2023,10/03/2023,OSN0222,VR001035311,035311,T15,RAPATRIEMENT DE DEVISES,,3.185.327
,,,,,,TR423002267 ord. DAGAT HAARETZ,,
,,,,,,"AGRICULTURE 4856,00 EUR",,
,,,,,,INV:FRE2302101 DATE,,
,,,,,,25/02/23,,
10/03/2023,09/03/2023,OSN0528,QA002017693,017693,410,SAISIE MISE A DISPO CLIENT ORA,140.000,
10/03/2023,09/03/2023,OSN0528,QA002017693,017693,410,SAISIE MISE A DISPO CLIENT ORA,17.550,
13/03/2023,10/03/2023,OSN0528,QA002017723,017723,410,SAISIE MISE A DISPO CLIENT ORA,2.000.000,
13/03/2023,10/03/2023,OSN0528,QA002017723,017723,410,SAISIE MISE A DISPO CLIENT ORA,17.550,
13/03/2023,15/03/2023,OSN0222,VR001035464,035464,T15,RAPATRIEMENT DE DEVISES,,45.829.092
,,,,,,TR423002430 ord. OCEANFISH,,
,,,,,,"TRADING SOCIEDAD LIM 69866,00",,
,,,,,,EUR,,
,,,,,,AVANCE FACTURAS,,
14/03/2023,13/03/2023,OSN0528,QA002017735,017735,410,SAISIE MISE A DISPO CLIENT ORA,40.000.000,
14/03/2023,13/03/2023,OSN0528,QA002017735,017735,410,SAISIE MISE A DISPO CLIENT ORA,17.550,
14/03/2023,13/03/2023,OSN0446,VB120007662,007662,485,BISSAU PESCA ET SERVICES SARL,5.000.000,
,,,,,,Virmt fav. BISSAU PESCA ET,,
,,,,,,SERVICES SARL,,
,,,,,,VIREMENT,,
14/03/2023,13/03/2023,OSN0446,VB120007662,007662,485,BISSAU PESCA ET SERVICES SARL,11.700,
16/03/2023,15/03/2023,OSN0564,QA002017781,017781,410,SAISIE MISE A DISPO CLIENT ORA,2.500.000,
16/03/2023,15/03/2023,OSN0564,QA002017781,017781,410,SAISIE MISE A DISPO CLIENT ORA,17.550,
17/03/2023,16/03/2023,OSN0564,QA002017792,017792,410,SAISIE MISE A DISPO CLIENT ORA,1.200.000,
17/03/2023,16/03/2023,OSN0564,QA002017792,017792,410,SAISIE MISE A DISPO CLIENT ORA,17.550,
17/03/2023,21/03/2023,OSN0222,VR001035614,035614,T15,RAPATRIEMENT DE DEVISES,,65.507.802
,,,,,,TR423002589 ord. OCEANFISH,,
,,,,,,"TRADING SOCIEDAD LIM 99866,00",,
,,,,,,EUR,,
,,,,,,AVANCE,,
20/03/2023,17/03/2023,OSN0442,QA002017827,017827,410,SAISIE MISE A DISPO CLIENT ORA,60.000.000,
20/03/2023,17/03/2023,OSN0442,QA002017827,017827,410,SAISIE MISE A DISPO CLIENT ORA,17.550,
21/03/2023,20/03/2023,OSN0528,QA002017859,017859,410,SAISIE MISE A DISPO CLIENT ORA,1.832.400,
21/03/2023,20/03/2023,OSN0528,QA002017859,017859,410,SAISIE MISE A DISPO CLIENT ORA,17.550,
21/03/2023,20/03/2023,OSN0528,QA002017860,017860,410,SAISIE MISE A DISPO CLIENT ORA,700.000,
21/03/2023,20/03/2023,OSN0528,QA002017860,017860,410,SAISIE MISE A DISPO CLIENT ORA,17.550,
24/03/2023,23/03/2023,OSN0564,QA002017924,017924,410,SAISIE MISE A DISPO CLIENT ORA,35.000.000,
24/03/2023,23/03/2023,OSN0564,QA002017924,017924,410,SAISIE MISE A DISPO CLIENT ORA,17.550,
24/03/2023,23/03/2023,OSN0607,QA002017927,017927,410,SAISIE MISE A DISPO CLIENT ORA,2.800.000,
24/03/2023,23/03/2023,OSN0607,QA002017927,017927,410,SAISIE MISE A DISPO CLIENT ORA,17.550,
24/03/2023,23/03/2023,OSN0510,RTGS2110324,027322,529,OLA ENERGY SENEGAL,44.000.000,
,,,,,,OLA ENERGY SENEGAL,,
,,,,,,CARBURANT NAGHAM,,
24/03/2023,23/03/2023,OSN0510,RTGS2110324,027322,529,OLA ENERGY SENEGAL,29.250,
24/03/2023,23/03/2023,OSN0510,RTGS2110324,027323,529,BISSAU PESCA & SERVICOS SARL,45.000.000,
,,,,,,BISSAU PESCA & SERVICOS SARL,,
,,,,,,VIREMENT,,
24/03/2023,23/03/2023,OSN0510,RTGS2110324,027323,529,BISSAU PESCA & SERVICOS SARL,29.250,
24/03/2023,28/03/2023,OSN0222,VR001035776,035776,T15,RAPATRIEMENT DE DEVISES,,147.502.427
,,,,,,TR423002758 ord. OCEANFISH,,
,,,,,,"TRADING SOCIEDAD LIM 224866,00",,
,,,,,,EU,,
,,,,,,AVANCE FACTURA,,
28/03/2023,27/03/2023,OSN0019,RTGS2110328,027384,529,BOLLORE AFRICA LOGISTICS SENEG,20.344.283,
,,,,,,BOLLORE AFRICA LOGISTICS SENEG,,
,,,,,,BISSAU PESCA,,
28/03/2023,27/03/2023,OSN0019,RTGS2110328,027384,529,BOLLORE AFRICA LOGISTICS SENEG,29.250,
29/03/2023,28/03/2023,OSN0564,QA002018021,018021,410,SAISIE MISE A DISPO CLIENT ORA,3.500.000,
29/03/2023,28/03/2023,OSN0564,QA002018021,018021,410,SAISIE MISE A DISPO CLIENT ORA,17.550,
31/03/2023,31/03/2023,OSN0377,FS028149675,149675,028,FRAIS TENUE CPT ETS,17.550,
31/03/2023,01/04/2023,AUTO,AG186482,186482,250,AGIOS DU 01/03/23 AU 31/03/23,446.052,
31/03/2023,30/03/2023,OSN0560,DO002003512,003512,M05,FRA/COM/TA 311/EX/202,11.700,
03/04/2023,31/03/2023,OSN0258,QA002018075,018075,410,SAISIE MISE A DISPO CLIENT ORA,730.000,
03/04/2023,31/03/2023,OSN0258,QA002018075,018075,410,SAISIE MISE A DISPO CLIENT ORA,17.550,
06/04/2023,05/04/2023,OSN0528,QA002018128,018128,410,SAISIE MISE A DISPO CLIENT ORA,3.500.000,
06/04/2023,05/04/2023,OSN0528,QA002018128,018128,410,SAISIE MISE A DISPO CLIENT ORA,17.550,
06/04/2023,05/04/2023,OSN0093,FS809129557,129557,809,FRAIS DE SERVICE E-BANKING,7.020,
,,,,,,Frais de souscription Ora@net,,
11/04/2023,13/04/2023,OSN0222,VR001036352,036352,T15,RAPATRIEMENT DE DEVISES,,3.203.346
,,,,,,TR423003357 ord. DAGAT HAARETZ,,
,,,,,,"AGRICULTURE 4883,47 EUR",,
,,,,,,/ROC/DC/039/09039/039///URI/IN,,
,,,,,,V:FRE,,
12/04/2023,07/04/2023,OSN0560,DO002003528,003528,M05,FRA/COM/TA 329/EX/202,11.700,
12/04/2023,14/04/2023,OSN0222,VR001036399,036399,T15,RAPATRIEMENT DE DEVISES,,147.502.427
,,,,,,TR423003406 ord. OCEANFISH,,
,,,,,,"TRADING SOCIEDAD LIM 224866,00",,
,,,,,,EU,,
,,,,,,Sin concepto asociado,,
13/04/2023,12/04/2023,OSN0564,QA002018192,018192,410,SAISIE MISE A DISPO CLIENT ORA,1.302.000,
13/04/2023,12/04/2023,OSN0564,QA002018192,018192,410,SAISIE MISE A DISPO CLIENT ORA,17.550,
13/04/2023,12/04/2023,OSN0591,RTGS2110413,027807,529,BISSAU PESCA ET SERVICOS SARL,148.000.000,
,,,,,,BISSAU PESCA ET SERVICOS SARL,,
,,,,,,VIREMENT,,
13/04/2023,12/04/2023,OSN0591,RTGS2110413,027807,529,BISSAU PESCA ET SERVICOS SARL,29.250,
14/04/2023,13/04/2023,OSN0564,QA002018227,018227,410,SAISIE MISE A DISPO CLIENT ORA,120.000,
14/04/2023,13/04/2023,OSN0564,QA002018227,018227,410,SAISIE MISE A DISPO CLIENT ORA,17.550,
18/04/2023,17/04/2023,OSN0528,QA002018282,018282,410,SAISIE MISE A DISPO CLIENT ORA,1.000.000,
18/04/2023,17/04/2023,OSN0528,QA002018282,018282,410,SAISIE MISE A DISPO CLIENT ORA,17.550,
20/04/2023,19/04/2023,OSN0564,QA002018315,018315,410,SAISIE MISE A DISPO CLIENT ORA,3.500.000,
20/04/2023,19/04/2023,OSN0564,QA002018315,018315,410,SAISIE MISE A DISPO CLIENT ORA,17.550,
20/04/2023,19/04/2023,OSN0510,RTGS2110420,028015,529,BISSAU PESCA & SERVICOS SARL,70.376.500,
,,,,,,BISSAU PESCA & SERVICOS SARL,,
,,,,,,VIREMENT,,
20/04/2023,19/04/2023,OSN0510,RTGS2110420,028015,529,BISSAU PESCA & SERVICOS SARL,29.250,
20/04/2023,18/04/2023,OSN0222,VR001036446,036446,T15,RAPATRIEMENT DE DEVISES,,3.718.832
,,,,,,TR423003465 ord. TWO OCEANS,,
,,,,,,"LLC2601 MOHAWK TRAI 6260,66",,
,,,,,,USD,,
,,,,,,20.00 FEE DEDUCTEDBNY CUST RRN,,
,,,,,,- 20,,
20/04/2023,24/04/2023,OSN0222,VR001036688,036688,T15,RAPATRIEMENT DE DEVISES,,98.325.422
,,,,,,TR423003718 ord. OCEANFISH,,
,,,,,,"TRADING SOCIEDAD LIM 149896,14",,
,,,,,,EU,,
,,,,,,Saldo Facturas Pendientes,,
21/04/2023,20/04/2023,OSN0464,VB115069215,069215,454,KANNA INTERNATIONAL SENEGAL,10.560.683,
,,,,,,Virmt fav. KANNA INTERNATIONAL,,
,,,,,,SENEGAL,,
,,,,,,VIREMENT,,
21/04/2023,20/04/2023,OSN0464,VB115069215,069215,454,KANNA INTERNATIONAL SENEGAL,5.850,
28/04/2023,28/04/2023,OSN0377,FS028151687,151687,028,FRAIS TENUE CPT ETS,17.550,
28/04/2023,01/05/2023,AUTO,AG188734,188734,250,AGIOS DU 01/04/23 AU 30/04/23,335.254,
02/05/2023,04/05/2023,OSN0222,VR001037043,037043,T15,RAPATRIEMENT DE DEVISES,,209.818.342
,,,,,,TR423004103 ord. OCEANFISH,,
,,,,,,"TRADING SOCIEDAD LIM 319866,00",,
,,,,,,EU,,
,,,,,,AVANCE PROFORMA,,
04/05/2023,03/05/2023,OSN0591,VB120007891,007891,485,BISSAU PESCA ET SERVICOS SARL,46.055.000,
,,,,,,Virmt fav. BISSAU PESCA ET,,
,,,,,,SERVICOS SARL,,
,,,,,,VIREMENT,,
04/05/2023,03/05/2023,OSN0591,VB120007891,007891,485,BISSAU PESCA ET SERVICOS SARL,11.700,
04/05/2023,03/05/2023,OSN0591,RTGS2110504,028344,529,OLA ENERGY SENEGAL,150.745.000,
,,,,,,OLA ENERGY SENEGAL,,
,,,,,,CARBURANT NAGHAM,,
04/05/2023,03/05/2023,OSN0591,RTGS2110504,028344,529,OLA ENERGY SENEGAL,29.250,
08/05/2023,05/05/2023,OSN0093,FS809132169,132169,809,FRAIS DE SERVICE E-BANKING,7.020,
,,,,,,Frais de souscription Ora@net,,
08/05/2023,10/05/2023,OSN0222,VR001037283,037283,T15,RAPATRIEMENT DE DEVISES,,5.569.028
,,,,,,TR423004357 ord. TWO OCEANS,,
,,,,,,"LLC2601 MOHAWK TRAI 9439,03",,
,,,,,,USD,,
,,,,,,20.00 FEE DEDUCTEDBNY CUST RRN,,
,,,,,,- 20,,
19/05/2023,17/05/2023,OSN0076,EX070569,070569,066,EXTRAIT DE COMPTE A LA DEMANDE,46.800,
19/05/2023,17/05/2023,OSN0528,QA002018690,018690,410,SAISIE MISE A DISPO CLIENT ORA,35.000.000,
19/05/2023,17/05/2023,OSN0528,QA002018690,018690,410,SAISIE MISE A DISPO CLIENT ORA,17.550,
23/05/2023,22/05/2023,OSN0572,DO002003652,003652,M05,FRA/COM/TA 449/EX/202,11.700,
26/05/2023,25/05/2023,OSN0258,QA002018775,018775,410,SAISIE MISE A DISPO CLIENT ORA,300.000,
26/05/2023,25/05/2023,OSN0258,QA002018775,018775,410,SAISIE MISE A DISPO CLIENT ORA,17.550,
31/05/2023,31/05/2023,OSN0377,FS028153785,153785,028,FRAIS TENUE CPT ETS,17.550,
31/05/2023,31/05/2023,OSN0496,RA016970,016970,040,RETRAIT ESPECES CPT 4583460,100.000,
,,,,,,CHQ N. 4583460 du 31/05/2023,,
,,,,,,TIBONI MAURIZIO,,
31/05/2023,01/06/2023,AUTO,AG190943,190943,250,AGIOS DU 01/05/23 AU 31/05/23,87.461,
01/06/2023,01/06/2023,OSN0371,FF062265,062265,128,FRAIS DE FORCAGE 62265,128.076,
01/06/2023,31/05/2023,SCPM,CR696031,696031,423,CHQ RECU COMPENSE 4583461,10.946.682,
,,,,,,Chq OCI n. 4583461,,
02/06/2023,01/06/2023,OSN0332,RTGS2110602,029018,529,BISSAU PESCA SERVICOS SARL,31.500.000,
,,,,,,BISSAU PESCA SERVICOS SARL,,
,,,,,,VIREMENT,,
02/06/2023,01/06/2023,OSN0332,RTGS2110602,029018,529,BISSAU PESCA SERVICOS SARL,29.250,
02/06/2023,06/06/2023,OSN0222,VR001038122,038122,T15,RAPATRIEMENT DE DEVISES,,42.549.307
,,,,,,TR423005262 ord. OCEANFISH,,
,,,,,,"TRADING SOCIEDAD LIM 64866,00",,
,,,,,,EUR,,
,,,,,,Sin concepto asociado,,
06/06/2023,01/06/2023,OSN0609,OD055232,327231,007,EXT FRAIS DE FORCAGE,,128.076
06/06/2023,05/06/2023,OSN0093,FS809134795,134795,809,FRAIS DE SERVICE E-BANKING,7.020,
,,,,,,Frais de souscription Ora@net,,
06/06/2023,05/06/2023,OSN0416,RRCMO173303,173303,959,RETRAIT GAB GIM 1,100.000,
,,,,,,499198******1974 31/05-11H23,,
,,,,,,EBSSST03 658895,,
06/06/2023,05/06/2023,OSN0416,RRCMO173303,173303,959,RETRAIT GAB GIM 1,500,
15/06/2023,19/06/2023,OSN0222,VR001038594,038594,T15,RAPATRIEMENT DE DEVISES,,23.001.788
,,,,,,TR423005760 ord. OCEANFISH,,
,,,,,,"TRADING SOCIEDAD LIM 35066,00",,
,,,,,,EUR,,
,,,,,,Transferencia realizada por,,
,,,,,,Superne,,
16/06/2023,15/06/2023,OSN0493,QA002019023,019023,410,SAISIE MISE A DISPO CLIENT ORA,200.000,
16/06/2023,15/06/2023,OSN0493,QA002019023,019023,410,SAISIE MISE A DISPO CLIENT ORA,17.550,
20/06/2023,19/06/2023,OSN0528,QA002019073,019073,410,SAISIE MISE A DISPO CLIENT ORA,23.000.000,
20/06/2023,19/06/2023,OSN0528,QA002019073,019073,410,SAISIE MISE A DISPO CLIENT ORA,17.550,
28/06/2023,28/06/2023,OSN0377,FS028156389,156389,028,FRAIS TENUE CPT ETS,17.550,
28/06/2023,01/07/2023,AUTO,AG193281,193281,250,AGIOS DU 01/06/23 AU 30/06/23,107.786,
06/07/2023,05/07/2023,OSN0093,FS809137456,137456,809,FRAIS DE SERVICE E-BANKING,7.020,
,,,,,,Frais de souscription Ora@net,,
31/07/2023,31/07/2023,OSN0377,FS028158490,158490,028,FRAIS TENUE CPT ETS,17.550,
31/07/2023,01/08/2023,AUTO,AG197122,197122,250,AGIOS DU 01/07/23 AU 31/07/23,383,
03/08/2023,07/08/2023,OSN0222,VR001040239,040239,T15,RAPATRIEMENT DE DEVISES,,19.589.500
,,,,,,TR423007538 ord. OCEANFISH,,
,,,,,,"TRADING SOCIEDAD LIM 29864,00",,
,,,,,,EUR,,
,,,,,,Factures,,
04/08/2023,03/08/2023,OSN0564,QA002019576,019576,410,SAISIE MISE A DISPO CLIENT ORA,19.000.000,
04/08/2023,03/08/2023,OSN0564,QA002019576,019576,410,SAISIE MISE A DISPO CLIENT ORA,17.550,
07/08/2023,04/08/2023,OSN0093,FS809140077,140077,809,FRAIS DE SERVICE E-BANKING,7.020,
,,,,,,Frais de souscription Ora@net,,
11/08/2023,15/08/2023,OSN0222,VR001040486,040486,T15,RAPATRIEMENT DE DEVISES,,124.542.620
,,,,,,TR423007808 ord. OCEANFISH,,
,,,,,,"TRADING SOCIEDAD LIM 189864,00",,
,,,,,,EU,,
,,,,,,Factures,,
14/08/2023,11/08/2023,OSN0442,QA002019690,019690,410,SAISIE MISE A DISPO CLIENT ORA,21.000.000,
14/08/2023,11/08/2023,OSN0442,QA002019690,019690,410,SAISIE MISE A DISPO CLIENT ORA,17.550,
14/08/2023,11/08/2023,OSN0180,VB120008319,008319,485,BISSAU PESCA SERVICOS SARL,9.500.000,
,,,,,,Virmt fav. BISSAU PESCA,,
,,,,,,SERVICOS SARL,,
,,,,,,VIREMENT,,
14/08/2023,11/08/2023,OSN0180,VB120008319,008319,485,BISSAU PESCA SERVICOS SARL,11.700,
14/08/2023,11/08/2023,OSN0510,RTGS2110814,030737,529,OLA ENERGY SENEGAL,93.500.000,
,,,,,,OLA ENERGY SENEGAL,,
,,,,,,CARBURANT UMAYA ET BACALAM,,
14/08/2023,11/08/2023,OSN0510,RTGS2110814,030737,529,OLA ENERGY SENEGAL,29.250,
31/08/2023,31/08/2023,OSN0377,FS028160709,160709,028,FRAIS TENUE CPT ETS,17.550,
31/08/2023,01/09/2023,AUTO,AG199401,199401,250,AGIOS DU 01/08/23 AU 31/08/23,278.119,
06/09/2023,05/09/2023,OSN0093,FS809142769,142769,809,FRAIS DE SERVICE E-BANKING,7.020,
,,,,,,Frais de souscription Ora@net,,
18/09/2023,15/09/2023,OSN0062,FS103002890,002890,103,ABONNEMENT CARTE VIS,81.900,
,,,,,,Abonnement carte visa business,,
29/09/2023,29/09/2023,OSN0377,FS028162785,162785,028,FRAIS TENUE CPT ETS,17.550,
06/10/2023,05/10/2023,OSN0093,FS809145453,145453,809,FRAIS DE SERVICE E-BANKING,7.020,
,,,,,,Frais de souscription Ora@net,,
,,,,,,Total mouvements,4.274.770.712,4.275.367.014
,,,,,,Solde au 30/10/2023,,596.302
